genre,song_name,file_name,extension,duration_seconds,duration_minutes,relative_path
bollywood_new,Aadat Se Majboor,Aadat Se Majboor.mp3,.mp3,277.349,4.622,bollywood_new\Aadat Se Majboor.mp3
bollywood_new,Aahista Aahista (From ＂Bachna Ae Haseeno＂),Aahista Aahista (From ＂Bachna Ae Haseeno＂).mp3,.mp3,349.913,5.832,bollywood_new\Aahista Aahista (From ＂Bachna Ae Haseeno＂).mp3
bollywood_new,Aaj Kal Zindagi,Aaj Kal Zindagi.mp3,.mp3,254.507,4.242,bollywood_new\Aaj Kal Zindagi.mp3
bollywood_new,Alvida,Alvida.mp3,.mp3,338.587,5.643,bollywood_new\Alvida.mp3
bollywood_new,AYE KHUDA,AYE KHUDA.mp3,.mp3,280.497,4.675,bollywood_new\AYE KHUDA.mp3
bollywood_new,Aye Udi Udi Udi,Aye Udi Udi Udi.mp3,.mp3,276.307,4.605,bollywood_new\Aye Udi Udi Udi.mp3
bollywood_new,Baatein Kuch Ankahee,Baatein Kuch Ankahee.mp3,.mp3,275.413,4.59,bollywood_new\Baatein Kuch Ankahee.mp3
bollywood_new,Baatein Ye Kabhi Na (Male),Baatein Ye Kabhi Na (Male).mp3,.mp3,289.013,4.817,bollywood_new\Baatein Ye Kabhi Na (Male).mp3
bollywood_new,Bawara Mann,Bawara Mann.mp3,.mp3,216.073,3.601,bollywood_new\Bawara Mann.mp3
bollywood_new,Bol Na Halke Halke,Bol Na Halke Halke.mp3,.mp3,306.427,5.107,bollywood_new\Bol Na Halke Halke.mp3
bollywood_new,Boom Boom (Lip Lock),Boom Boom (Lip Lock).mp3,.mp3,275.493,4.592,bollywood_new\Boom Boom (Lip Lock).mp3
bollywood_new,Bulleya (From ＂Sultan＂),Bulleya (From ＂Sultan＂).mp3,.mp3,357.013,5.95,bollywood_new\Bulleya (From ＂Sultan＂).mp3
bollywood_new,Chaleya,Chaleya.mp3,.mp3,200.374,3.34,bollywood_new\Chaleya.mp3
bollywood_new,Challa,Challa.mp3,.mp3,320.001,5.333,bollywood_new\Challa.mp3
bollywood_new,Chedkhaniyaan,Chedkhaniyaan.mp3,.mp3,198.261,3.304,bollywood_new\Chedkhaniyaan.mp3
bollywood_new,Chogada (From ＂Loveyatri＂),Chogada (From ＂Loveyatri＂).mp3,.mp3,249.742,4.162,bollywood_new\Chogada (From ＂Loveyatri＂).mp3
bollywood_new,Deewana Kar Raha Hai,Deewana Kar Raha Hai.mp3,.mp3,338.923,5.649,bollywood_new\Deewana Kar Raha Hai.mp3
bollywood_new,DHAN TE NAN,DHAN TE NAN.mp3,.mp3,279.934,4.666,bollywood_new\DHAN TE NAN.mp3
bollywood_new,Dil Chahta Hai,Dil Chahta Hai.mp3,.mp3,310.08,5.168,bollywood_new\Dil Chahta Hai.mp3
bollywood_new,Dil Dhadakne Do,Dil Dhadakne Do.mp3,.mp3,230.319,3.839,bollywood_new\Dil Dhadakne Do.mp3
bollywood_new,Dil Ibaadat,Dil Ibaadat.mp3,.mp3,329.387,5.49,bollywood_new\Dil Ibaadat.mp3
bollywood_new,DIL KYUN YEH MERA,DIL KYUN YEH MERA.mp3,.mp3,333.2,5.553,bollywood_new\DIL KYUN YEH MERA.mp3
bollywood_new,DIL TO BACHCHA HAI,DIL TO BACHCHA HAI.mp3,.mp3,336.04,5.601,bollywood_new\DIL TO BACHCHA HAI.mp3
bollywood_new,Dilbaro,Dilbaro.mp3,.mp3,314.127,5.235,bollywood_new\Dilbaro.mp3
bollywood_new,Dildaara (Stand By Me),Dildaara (Stand By Me).mp3,.mp3,249.661,4.161,bollywood_new\Dildaara (Stand By Me).mp3
bollywood_new,Drama Queen,Drama Queen.mp3,.mp3,198.747,3.312,bollywood_new\Drama Queen.mp3
bollywood_new,Dum Dum,Dum Dum.mp3,.mp3,310.933,5.182,bollywood_new\Dum Dum.mp3
bollywood_new,GALLAN GOODIYAAN,GALLAN GOODIYAAN.mp3,.mp3,296.5,4.942,bollywood_new\GALLAN GOODIYAAN.mp3
bollywood_new,Gulabi,Gulabi.mp3,.mp3,230.258,3.838,bollywood_new\Gulabi.mp3
bollywood_new,Hale Dil,Hale Dil.mp3,.mp3,346.627,5.777,bollywood_new\Hale Dil.mp3
bollywood_new,Hey Ya !,Hey Ya !.mp3,.mp3,254.99,4.25,bollywood_new\Hey Ya !.mp3
bollywood_new,Hosanna,Hosanna.mp3,.mp3,331.4,5.523,bollywood_new\Hosanna.mp3
bollywood_new,Iktara,Iktara.mp3,.mp3,253.773,4.23,bollywood_new\Iktara.mp3
bollywood_new,ILAHI,ILAHI.mp3,.mp3,228.982,3.816,bollywood_new\ILAHI.mp3
bollywood_new,It's the Time to Disco,It's the Time to Disco.mp3,.mp3,333.093,5.552,bollywood_new\It's the Time to Disco.mp3
bollywood_new,Jaane Kyun,Jaane Kyun.mp3,.mp3,277.987,4.633,bollywood_new\Jaane Kyun.mp3
bollywood_new,Jab Mila Tu,Jab Mila Tu.mp3,.mp3,251.853,4.198,bollywood_new\Jab Mila Tu.mp3
bollywood_new,KABHI KABHI ADITI,KABHI KABHI ADITI.mp3,.mp3,218.012,3.634,bollywood_new\KABHI KABHI ADITI.mp3
bollywood_new,KAISE MUJHE,KAISE MUJHE.mp3,.mp3,343.733,5.729,bollywood_new\KAISE MUJHE.mp3
bollywood_new,Kalank (Title Track),Kalank (Title Track).mp3,.mp3,311.186,5.186,bollywood_new\Kalank (Title Track).mp3
bollywood_new,Khamoshiyan (From ＂Khamoshiyan＂),Khamoshiyan (From ＂Khamoshiyan＂).mp3,.mp3,335.71,5.595,bollywood_new\Khamoshiyan (From ＂Khamoshiyan＂).mp3
bollywood_new,Khuda Jaane (From ＂Bachna Ae Haseeno＂),Khuda Jaane (From ＂Bachna Ae Haseeno＂).mp3,.mp3,333.182,5.553,bollywood_new\Khuda Jaane (From ＂Bachna Ae Haseeno＂).mp3
bollywood_new,Khudaya Khair,Khudaya Khair.mp3,.mp3,280.558,4.676,bollywood_new\Khudaya Khair.mp3
bollywood_new,Kuch To Hua Hai,Kuch To Hua Hai.mp3,.mp3,319.56,5.326,bollywood_new\Kuch To Hua Hai.mp3
bollywood_new,Kya Karoon？,Kya Karoon？.mp3,.mp3,236.16,3.936,bollywood_new\Kya Karoon？.mp3
bollywood_new,Kyun Main Jaagoon,Kyun Main Jaagoon.mp3,.mp3,342.065,5.701,bollywood_new\Kyun Main Jaagoon.mp3
bollywood_new,Locha-E-Ulfat,Locha-E-Ulfat.mp3,.mp3,288.462,4.808,bollywood_new\Locha-E-Ulfat.mp3
bollywood_new,LONDON THUMAKDA,LONDON THUMAKDA.mp3,.mp3,230.469,3.841,bollywood_new\LONDON THUMAKDA.mp3
bollywood_new,Love Me Thoda Aur,Love Me Thoda Aur.mp3,.mp3,265.811,4.43,bollywood_new\Love Me Thoda Aur.mp3
bollywood_new,MAAHI VE,MAAHI VE.mp3,.mp3,240.785,4.013,bollywood_new\MAAHI VE.mp3
bollywood_new,Maand,Maand.mp3,.mp3,185,3.083,bollywood_new\Maand.mp3
bollywood_new,Main Agar (From ＂Tubelight＂),Main Agar (From ＂Tubelight＂).mp3,.mp3,279.5,4.658,bollywood_new\Main Agar (From ＂Tubelight＂).mp3
bollywood_new,Masakali,Masakali.mp3,.mp3,288.647,4.811,bollywood_new\Masakali.mp3
bollywood_new,Mast Magan,Mast Magan.mp3,.mp3,280.161,4.669,bollywood_new\Mast Magan.mp3
bollywood_new,Masti Ki Paathshala,Masti Ki Paathshala.mp3,.mp3,219.853,3.664,bollywood_new\Masti Ki Paathshala.mp3
bollywood_new,Mere Khayalon Ki Malika,Mere Khayalon Ki Malika.mp3,.mp3,288.129,4.802,bollywood_new\Mere Khayalon Ki Malika.mp3
bollywood_new,Mere Samnewali Khidki Mein,Mere Samnewali Khidki Mein.mp3,.mp3,172.173,2.87,bollywood_new\Mere Samnewali Khidki Mein.mp3
bollywood_new,Mitwa,Mitwa.mp3,.mp3,382.973,6.383,bollywood_new\Mitwa.mp3
bollywood_new,My Dil Goes Mmmm (From ＂Salaam Namaste＂),My Dil Goes Mmmm (From ＂Salaam Namaste＂).mp3,.mp3,452.427,7.54,bollywood_new\My Dil Goes Mmmm (From ＂Salaam Namaste＂).mp3
bollywood_new,Nachde Ne Saare,Nachde Ne Saare.mp3,.mp3,194.762,3.246,bollywood_new\Nachde Ne Saare.mp3
bollywood_new,Nazm Nazm feat. Ayushmann Khurana,Nazm Nazm feat. Ayushmann Khurana.mp3,.mp3,194.634,3.244,bollywood_new\Nazm Nazm feat. Ayushmann Khurana.mp3
bollywood_new,O Humdum Suniyo Re,O Humdum Suniyo Re.mp3,.mp3,237.347,3.956,bollywood_new\O Humdum Suniyo Re.mp3
bollywood_new,O Mere Dil Ke Chain,O Mere Dil Ke Chain.mp3,.mp3,273.357,4.556,bollywood_new\O Mere Dil Ke Chain.mp3
bollywood_new,Offo,Offo.mp3,.mp3,213.942,3.566,bollywood_new\Offo.mp3
bollywood_new,Paniyon Sa (From ＂Satyameva Jayate＂),Paniyon Sa (From ＂Satyameva Jayate＂).mp3,.mp3,236.24,3.937,bollywood_new\Paniyon Sa (From ＂Satyameva Jayate＂).mp3
bollywood_new,PEE LOON,PEE LOON.mp3,.mp3,285.687,4.761,bollywood_new\PEE LOON.mp3
bollywood_new,PEHLI BAAR MOHABBAT,PEHLI BAAR MOHABBAT.mp3,.mp3,321.283,5.355,bollywood_new\PEHLI BAAR MOHABBAT.mp3
bollywood_new,PEHLI BAAR,PEHLI BAAR.mp3,.mp3,263.81,4.397,bollywood_new\PEHLI BAAR.mp3
bollywood_new,Pehli Nazar Mein,Pehli Nazar Mein.mp3,.mp3,312.893,5.215,bollywood_new\Pehli Nazar Mein.mp3
bollywood_new,Phir Mohabbat,Phir Mohabbat.mp3,.mp3,329.851,5.498,bollywood_new\Phir Mohabbat.mp3
bollywood_new,Raabta,Raabta.mp3,.mp3,243.578,4.06,bollywood_new\Raabta.mp3
bollywood_new,Rangisari,Rangisari.mp3,.mp3,223.271,3.721,bollywood_new\Rangisari.mp3
bollywood_new,Rishte Naate,Rishte Naate.mp3,.mp3,274.587,4.576,bollywood_new\Rishte Naate.mp3
bollywood_new,Rock N Roll Soniye,Rock N Roll Soniye.mp3,.mp3,341.84,5.697,bollywood_new\Rock N Roll Soniye.mp3
bollywood_new,Saathiya,Saathiya.mp3,.mp3,357.04,5.951,bollywood_new\Saathiya.mp3
bollywood_new,SAJDE,SAJDE.mp3,.mp3,305.583,5.093,bollywood_new\SAJDE.mp3
bollywood_new,Shaayraana,Shaayraana.mp3,.mp3,261.439,4.357,bollywood_new\Shaayraana.mp3
bollywood_new,SHEILA KI JAWANI,SHEILA KI JAWANI.mp3,.mp3,281.707,4.695,bollywood_new\SHEILA KI JAWANI.mp3
bollywood_new,Shubhaarambh (From ＂Kai Po Che＂),Shubhaarambh (From ＂Kai Po Che＂).mp3,.mp3,234.093,3.902,bollywood_new\Shubhaarambh (From ＂Kai Po Che＂).mp3
bollywood_new,Shuddh Desi Romance,Shuddh Desi Romance.mp3,.mp3,185.227,3.087,bollywood_new\Shuddh Desi Romance.mp3
bollywood_new,Shukran Allah (From ＂Kurbaan＂),Shukran Allah (From ＂Kurbaan＂).mp3,.mp3,290.053,4.834,bollywood_new\Shukran Allah (From ＂Kurbaan＂).mp3
bollywood_new,Subha Hone Na De,Subha Hone Na De.mp3,.mp3,288.697,4.812,bollywood_new\Subha Hone Na De.mp3
bollywood_new,Te Amo (Duet),Te Amo (Duet).mp3,.mp3,284.723,4.745,bollywood_new\Te Amo (Duet).mp3
bollywood_new,Tera Hone Laga Hoon,Tera Hone Laga Hoon.mp3,.mp3,299.827,4.997,bollywood_new\Tera Hone Laga Hoon.mp3
bollywood_new,Tera Rastaa Chhodoon Na,Tera Rastaa Chhodoon Na.mp3,.mp3,252.964,4.216,bollywood_new\Tera Rastaa Chhodoon Na.mp3
bollywood_new,Tere Liye,Tere Liye.mp3,.mp3,279.827,4.664,bollywood_new\Tere Liye.mp3
bollywood_new,Tere Naina (From ＂My Name Is Khan＂),Tere Naina (From ＂My Name Is Khan＂).mp3,.mp3,278.547,4.642,bollywood_new\Tere Naina (From ＂My Name Is Khan＂).mp3
bollywood_new,TERE NAINA,TERE NAINA.mp3,.mp3,256.998,4.283,bollywood_new\TERE NAINA.mp3
bollywood_new,TU HAI KI NAHI,TU HAI KI NAHI.mp3,.mp3,333.922,5.565,bollywood_new\TU HAI KI NAHI.mp3
bollywood_new,Tu Har Lamha,Tu Har Lamha.mp3,.mp3,273.263,4.554,bollywood_new\Tu Har Lamha.mp3
bollywood_new,Tu Jaane Na,Tu Jaane Na.mp3,.mp3,341.933,5.699,bollywood_new\Tu Jaane Na.mp3
bollywood_new,Tujhe Sochta Hoon,Tujhe Sochta Hoon.mp3,.mp3,313.933,5.232,bollywood_new\Tujhe Sochta Hoon.mp3
bollywood_new,Tune Jo Na Kaha,Tune Jo Na Kaha.mp3,.mp3,309.68,5.161,bollywood_new\Tune Jo Na Kaha.mp3
bollywood_new,Uff Teri Adaa,Uff Teri Adaa.mp3,.mp3,304.089,5.068,bollywood_new\Uff Teri Adaa.mp3
bollywood_new,Uff,Uff.mp3,.mp3,272.113,4.535,bollywood_new\Uff.mp3
bollywood_new,Voh Dekhnay Mein,Voh Dekhnay Mein.mp3,.mp3,272.453,4.541,bollywood_new\Voh Dekhnay Mein.mp3
bollywood_new,Yaariyaan (Male),Yaariyaan (Male).mp3,.mp3,374.173,6.236,bollywood_new\Yaariyaan (Male).mp3
bollywood_new,YE ISHQ HAI,YE ISHQ HAI.mp3,.mp3,280.974,4.683,bollywood_new\YE ISHQ HAI.mp3
bollywood_new,Yeh Fitoor Mera,Yeh Fitoor Mera.mp3,.mp3,283.07,4.718,bollywood_new\Yeh Fitoor Mera.mp3
bollywood_new,Zehnaseeb,Zehnaseeb.mp3,.mp3,217.44,3.624,bollywood_new\Zehnaseeb.mp3
bollywood_old,"Aaja Sanam Madhur Chandani - Raj Kapoor, Nargis, Chori Chori Song","Aaja Sanam Madhur Chandani - Raj Kapoor, Nargis, Chori Chori Song.mp3",.mp3,249.963,4.166,"bollywood_old\Aaja Sanam Madhur Chandani - Raj Kapoor, Nargis, Chori Chori Song.mp3"
bollywood_old,"Aaja Tu Raja Aaja Mausam-E-Bahar Hai - Asha Bhosle, Sudha Malhotra, Raj Tilak Song","Aaja Tu Raja Aaja Mausam-E-Bahar Hai - Asha Bhosle, Sudha Malhotra, Raj Tilak Song.mp3",.mp3,510.848,8.514,"bollywood_old\Aaja Tu Raja Aaja Mausam-E-Bahar Hai - Asha Bhosle, Sudha Malhotra, Raj Tilak Song.mp3"
bollywood_old,"Aankhon Hi Aankhon Mein - Dev Anand, Geeta Dutt, Mohd Rafi, CID Song","Aankhon Hi Aankhon Mein - Dev Anand, Geeta Dutt, Mohd Rafi, CID Song.mp3",.mp3,226.731,3.779,"bollywood_old\Aankhon Hi Aankhon Mein - Dev Anand, Geeta Dutt, Mohd Rafi, CID Song.mp3"
bollywood_old,"Aao Aao Kahani Suno - Padmini, Geeta Dutt, Jikki, Mr. Sampat Danmce Song","Aao Aao Kahani Suno - Padmini, Geeta Dutt, Jikki, Mr. Sampat Danmce Song.mp3",.mp3,251.809,4.197,"bollywood_old\Aao Aao Kahani Suno - Padmini, Geeta Dutt, Jikki, Mr. Sampat Danmce Song.mp3"
bollywood_old,"Aaye Hai Doorse - Mohammed Rafi, Asha Bhosle, Tumsa Nahin Dekha Song","Aaye Hai Doorse - Mohammed Rafi, Asha Bhosle, Tumsa Nahin Dekha Song.mp3",.mp3,224.444,3.741,"bollywood_old\Aaye Hai Doorse - Mohammed Rafi, Asha Bhosle, Tumsa Nahin Dekha Song.mp3"
bollywood_old,"Ab Do Dilon Ki Mushkil - Dharmendra, Mala Sinha, Pooja Ke Phool Song","Ab Do Dilon Ki Mushkil - Dharmendra, Mala Sinha, Pooja Ke Phool Song.mp3",.mp3,308.338,5.139,"bollywood_old\Ab Do Dilon Ki Mushkil - Dharmendra, Mala Sinha, Pooja Ke Phool Song.mp3"
bollywood_old,"Aisi Nainwa Ki Laagi Kattar - Asha Bhosle, Mohammed Rafi, Insaniyat Song","Aisi Nainwa Ki Laagi Kattar - Asha Bhosle, Mohammed Rafi, Insaniyat Song.mp3",.mp3,69.021,1.15,"bollywood_old\Aisi Nainwa Ki Laagi Kattar - Asha Bhosle, Mohammed Rafi, Insaniyat Song.mp3"
bollywood_old,"Aji Hum Bharat Ki Naari - Geeta Dutt, Mr. Sampat Song","Aji Hum Bharat Ki Naari - Geeta Dutt, Mr. Sampat Song.mp3",.mp3,166.452,2.774,"bollywood_old\Aji Hum Bharat Ki Naari - Geeta Dutt, Mr. Sampat Song.mp3"
bollywood_old,"Alar Yaama Chhom Chakare - Raj Kapoor, Nargis, Amber Song","Alar Yaama Chhom Chakare - Raj Kapoor, Nargis, Amber Song.mp3",.mp3,381.806,6.363,"bollywood_old\Alar Yaama Chhom Chakare - Raj Kapoor, Nargis, Amber Song.mp3"
bollywood_old,"Ane Tandane Bhai Tandane Tane - Balraj Sahni, Padmini, Bindiya Song (Duet)","Ane Tandane Bhai Tandane Tane - Balraj Sahni, Padmini, Bindiya Song (Duet).mp3",.mp3,255.687,4.261,"bollywood_old\Ane Tandane Bhai Tandane Tane - Balraj Sahni, Padmini, Bindiya Song (Duet).mp3"
bollywood_old,"Are Chod De Sajaniya - Lata Mangeshkar, Hemant Kumar, Nagin Song","Are Chod De Sajaniya - Lata Mangeshkar, Hemant Kumar, Nagin Song.mp3",.mp3,232.896,3.882,"bollywood_old\Are Chod De Sajaniya - Lata Mangeshkar, Hemant Kumar, Nagin Song.mp3"
bollywood_old,"Aye Kash Chalte Milke - Asha Bhosle, Manna Dey, Manzil Song","Aye Kash Chalte Milke - Asha Bhosle, Manna Dey, Manzil Song.mp3",.mp3,172.64,2.877,"bollywood_old\Aye Kash Chalte Milke - Asha Bhosle, Manna Dey, Manzil Song.mp3"
bollywood_old,"Baat Chalat Nai Chunari Rang Dali - Mohd Rafi, Krishnarao Chonkar, Rani Rupmati Song","Baat Chalat Nai Chunari Rang Dali - Mohd Rafi, Krishnarao Chonkar, Rani Rupmati Song.mp3",.mp3,168.32,2.805,"bollywood_old\Baat Chalat Nai Chunari Rang Dali - Mohd Rafi, Krishnarao Chonkar, Rani Rupmati Song.mp3"
bollywood_old,"Badla Sara Zamana - Asha Bhosle, Mohammed Rafi, Paigham Song","Badla Sara Zamana - Asha Bhosle, Mohammed Rafi, Paigham Song.mp3",.mp3,176.913,2.949,"bollywood_old\Badla Sara Zamana - Asha Bhosle, Mohammed Rafi, Paigham Song.mp3"
bollywood_old,"Bahut Haseen Hai - Mohammed Rafi, Suman Kalyanpur, Aadhi Raat Ke Baad Song","Bahut Haseen Hai - Mohammed Rafi, Suman Kalyanpur, Aadhi Raat Ke Baad Song.mp3",.mp3,245.696,4.095,"bollywood_old\Bahut Haseen Hai - Mohammed Rafi, Suman Kalyanpur, Aadhi Raat Ke Baad Song.mp3"
bollywood_old,"Bansuriya Bole Madhur Ras Ghole - Asha Bhosle, Mohammed Rafi, Insaniyat Song","Bansuriya Bole Madhur Ras Ghole - Asha Bhosle, Mohammed Rafi, Insaniyat Song.mp3",.mp3,232.246,3.871,"bollywood_old\Bansuriya Bole Madhur Ras Ghole - Asha Bhosle, Mohammed Rafi, Insaniyat Song.mp3"
bollywood_old,"Bheegi Hawaon Mein - Raj, Manna Dey, Suman Kalyanpur, Shriman Satyawadi Song","Bheegi Hawaon Mein - Raj, Manna Dey, Suman Kalyanpur, Shriman Satyawadi Song.mp3",.mp3,186.688,3.111,"bollywood_old\Bheegi Hawaon Mein - Raj, Manna Dey, Suman Kalyanpur, Shriman Satyawadi Song.mp3"
bollywood_old,"Billi Bajaye Baja Gaye Chuhon Ka Raja - Meena Kumari, Sahara Song 1","Billi Bajaye Baja Gaye Chuhon Ka Raja - Meena Kumari, Sahara Song 1.mp3",.mp3,184.366,3.073,"bollywood_old\Billi Bajaye Baja Gaye Chuhon Ka Raja - Meena Kumari, Sahara Song 1.mp3"
bollywood_old,"Chalna Sambhal Ke Jee - Asha Bhosle, Mohammed Rafi, Vinod, Raj Tilak Song","Chalna Sambhal Ke Jee - Asha Bhosle, Mohammed Rafi, Vinod, Raj Tilak Song.mp3",.mp3,129.904,2.165,"bollywood_old\Chalna Sambhal Ke Jee - Asha Bhosle, Mohammed Rafi, Vinod, Raj Tilak Song.mp3"
bollywood_old,"Chalo Paniya Bharan Ko - Padmini, Geeta Dutt, Jikki, Mr. Sampat Song","Chalo Paniya Bharan Ko - Padmini, Geeta Dutt, Jikki, Mr. Sampat Song.mp3",.mp3,102.296,1.705,"bollywood_old\Chalo Paniya Bharan Ko - Padmini, Geeta Dutt, Jikki, Mr. Sampat Song.mp3"
bollywood_old,"Chanda Se Hoga Woh Pyaara - Dharmendra, Meena Kumari, Main Bhi Ladki Hoon Song","Chanda Se Hoga Woh Pyaara - Dharmendra, Meena Kumari, Main Bhi Ladki Hoon Song.mp3",.mp3,181.685,3.028,"bollywood_old\Chanda Se Hoga Woh Pyaara - Dharmendra, Meena Kumari, Main Bhi Ladki Hoon Song.mp3"
bollywood_old,"Chhodkar Tere Pyar Ka Daman - Lata, Mahendra Kapoor, Woh Kaun Thi Song","Chhodkar Tere Pyar Ka Daman - Lata, Mahendra Kapoor, Woh Kaun Thi Song.mp3",.mp3,227.405,3.79,"bollywood_old\Chhodkar Tere Pyar Ka Daman - Lata, Mahendra Kapoor, Woh Kaun Thi Song.mp3"
bollywood_old,"Chhoone Na Doongi Main - Asha Bhosle, Lata Mangeshkar, Zindagi Song","Chhoone Na Doongi Main - Asha Bhosle, Lata Mangeshkar, Zindagi Song.mp3",.mp3,177.935,2.966,"bollywood_old\Chhoone Na Doongi Main - Asha Bhosle, Lata Mangeshkar, Zindagi Song.mp3"
bollywood_old,"Chodd Do Aanchal - Dev Anand, Nutan, Kishore Kumar, Asha, Paying Guest Song","Chodd Do Aanchal - Dev Anand, Nutan, Kishore Kumar, Asha, Paying Guest Song.mp3",.mp3,256.163,4.269,"bollywood_old\Chodd Do Aanchal - Dev Anand, Nutan, Kishore Kumar, Asha, Paying Guest Song.mp3"
bollywood_old,"Chori Ho Gayi Raat - Joy Mukherjee, Vaijayanti Mala, Ishara Song (Duet)","Chori Ho Gayi Raat - Joy Mukherjee, Vaijayanti Mala, Ishara Song (Duet).mp3",.mp3,275.691,4.595,"bollywood_old\Chori Ho Gayi Raat - Joy Mukherjee, Vaijayanti Mala, Ishara Song (Duet).mp3"
bollywood_old,"Chupke Se Mile Pyase - Dev Anand, Nutan, Manzil Romantic Song","Chupke Se Mile Pyase - Dev Anand, Nutan, Manzil Romantic Song.mp3",.mp3,249.336,4.156,"bollywood_old\Chupke Se Mile Pyase - Dev Anand, Nutan, Manzil Romantic Song.mp3"
bollywood_old,"Dadiamma Dadiamma Manjao - Asha Bhosle, Gharana Children Song","Dadiamma Dadiamma Manjao - Asha Bhosle, Gharana Children Song.mp3",.mp3,178.411,2.974,"bollywood_old\Dadiamma Dadiamma Manjao - Asha Bhosle, Gharana Children Song.mp3"
bollywood_old,"Dekhiye Yoon Na Sharmaiyega, Mukesh, Usha Khanna - Bindiya, Romantic Song","Dekhiye Yoon Na Sharmaiyega, Mukesh, Usha Khanna - Bindiya, Romantic Song.mp3",.mp3,207.787,3.463,"bollywood_old\Dekhiye Yoon Na Sharmaiyega, Mukesh, Usha Khanna - Bindiya, Romantic Song.mp3"
bollywood_old,"Dekho Kasam Se Kahate Hain Tum Se - Asha Bhosle, Md Rafi, Tumsa Nahin Dekha Song","Dekho Kasam Se Kahate Hain Tum Se - Asha Bhosle, Md Rafi, Tumsa Nahin Dekha Song.mp3",.mp3,208.724,3.479,"bollywood_old\Dekho Kasam Se Kahate Hain Tum Se - Asha Bhosle, Md Rafi, Tumsa Nahin Dekha Song.mp3"
bollywood_old,"Dheere Dheere Se Meri Zindagi Mein Aana (Full Song) ｜ Aashiqui ｜ Rahul Roy, Anu Agarwal ｜ T-Series","Dheere Dheere Se Meri Zindagi Mein Aana (Full Song) ｜ Aashiqui ｜ Rahul Roy, Anu Agarwal ｜ T-Series.mp3",.mp3,295.52,4.925,"bollywood_old\Dheere Dheere Se Meri Zindagi Mein Aana (Full Song) ｜ Aashiqui ｜ Rahul Roy, Anu Agarwal ｜ T-Series.mp3"
bollywood_old,"Dhoom Dadakka - Raj Kapoor, Nargis, Amber Song","Dhoom Dadakka - Raj Kapoor, Nargis, Amber Song.mp3",.mp3,527.061,8.784,"bollywood_old\Dhoom Dadakka - Raj Kapoor, Nargis, Amber Song.mp3"
bollywood_old,"Dil Do Nainon Me Khogaya - Mukesh, Surinder Kaur, Sunehre Din song","Dil Do Nainon Me Khogaya - Mukesh, Surinder Kaur, Sunehre Din song.mp3",.mp3,114.73,1.912,"bollywood_old\Dil Do Nainon Me Khogaya - Mukesh, Surinder Kaur, Sunehre Din song.mp3"
bollywood_old,"Dil Ke Sheesh Mahal Mein - Raj Kapoor, Nargis, Amber Song","Dil Ke Sheesh Mahal Mein - Raj Kapoor, Nargis, Amber Song.mp3",.mp3,295.451,4.924,"bollywood_old\Dil Ke Sheesh Mahal Mein - Raj Kapoor, Nargis, Amber Song.mp3"
bollywood_old,"Dil Ki Umange Hain Jawan - Hemant Kumar, Geeta Dutt, Munimji Song","Dil Ki Umange Hain Jawan - Hemant Kumar, Geeta Dutt, Munimji Song.mp3",.mp3,337.084,5.618,"bollywood_old\Dil Ki Umange Hain Jawan - Hemant Kumar, Geeta Dutt, Munimji Song.mp3"
bollywood_old,"Dil Mein Hamare - Kishore Kumar, Asha Bhosle, Adhikar Song","Dil Mein Hamare - Kishore Kumar, Asha Bhosle, Adhikar Song.mp3",.mp3,158.379,2.64,"bollywood_old\Dil Mein Hamare - Kishore Kumar, Asha Bhosle, Adhikar Song.mp3"
bollywood_old,"Dil Se Dil Ki - Asha Parekh, Sunil Dutt, Lata, Mukesh, Chhaya Song (Duet)","Dil Se Dil Ki - Asha Parekh, Sunil Dutt, Lata, Mukesh, Chhaya Song (Duet).mp3",.mp3,271.787,4.53,"bollywood_old\Dil Se Dil Ki - Asha Parekh, Sunil Dutt, Lata, Mukesh, Chhaya Song (Duet).mp3"
bollywood_old,"Dil To Pahlehi Se Madhosh Hai - Asha Bhosle, Mohd Rafi, Baharen Phir Bhi Aayengi Song","Dil To Pahlehi Se Madhosh Hai - Asha Bhosle, Mohd Rafi, Baharen Phir Bhi Aayengi Song.mp3",.mp3,227.285,3.788,"bollywood_old\Dil To Pahlehi Se Madhosh Hai - Asha Bhosle, Mohd Rafi, Baharen Phir Bhi Aayengi Song.mp3"
bollywood_old,"Din Control Ke Aaye - Padmini, Geeta Dutt, Jikki, Mr Sampat Song","Din Control Ke Aaye - Padmini, Geeta Dutt, Jikki, Mr Sampat Song.mp3",.mp3,308.361,5.139,"bollywood_old\Din Control Ke Aaye - Padmini, Geeta Dutt, Jikki, Mr Sampat Song.mp3"
bollywood_old,"Do Bichhade Huye Dil - Dev Anand, Kamini Kaushal, Lata, Durrani, Shair Song","Do Bichhade Huye Dil - Dev Anand, Kamini Kaushal, Lata, Durrani, Shair Song.mp3",.mp3,172.352,2.873,"bollywood_old\Do Bichhade Huye Dil - Dev Anand, Kamini Kaushal, Lata, Durrani, Shair Song.mp3"
bollywood_old,"Do Char Din Pyar Se - Shamshad Begum, Mohd Rafi, Nadiya Ke Paar Song","Do Char Din Pyar Se - Shamshad Begum, Mohd Rafi, Nadiya Ke Paar Song.mp3",.mp3,193.445,3.224,"bollywood_old\Do Char Din Pyar Se - Shamshad Begum, Mohd Rafi, Nadiya Ke Paar Song.mp3"
bollywood_old,"Do Nain Mile Do Phool Khile - Asha Bhosle, Mahendra Kapoor, Ghunghat Song","Do Nain Mile Do Phool Khile - Asha Bhosle, Mahendra Kapoor, Ghunghat Song.mp3",.mp3,181.046,3.017,"bollywood_old\Do Nain Mile Do Phool Khile - Asha Bhosle, Mahendra Kapoor, Ghunghat Song.mp3"
bollywood_old,"Duniya Bhar Ke Nastik - Chitalkar Ramachandra, Lata Mangeshkar, Nastik Song","Duniya Bhar Ke Nastik - Chitalkar Ramachandra, Lata Mangeshkar, Nastik Song.mp3",.mp3,329.387,5.49,"bollywood_old\Duniya Bhar Ke Nastik - Chitalkar Ramachandra, Lata Mangeshkar, Nastik Song.mp3"
bollywood_old,"Ek Baat Kahoon - Raj Kapoor, Mukesh, Suman Kalyanpur, Shriman Satyawadi Song","Ek Baat Kahoon - Raj Kapoor, Mukesh, Suman Kalyanpur, Shriman Satyawadi Song.mp3",.mp3,193.654,3.228,"bollywood_old\Ek Baat Kahoon - Raj Kapoor, Mukesh, Suman Kalyanpur, Shriman Satyawadi Song.mp3"
bollywood_old,"Ek Raat Mein Do Do Chand - Nanda, Lata, Mukesh, Barkha Song (Duet)","Ek Raat Mein Do Do Chand - Nanda, Lata, Mukesh, Barkha Song (Duet).mp3",.mp3,200.644,3.344,"bollywood_old\Ek Raat Mein Do Do Chand - Nanda, Lata, Mukesh, Barkha Song (Duet).mp3"
bollywood_old,"Gagan Jhanjhana Rahaa - Hemant Kumar, Lata Mangeshkar, Nastik Song","Gagan Jhanjhana Rahaa - Hemant Kumar, Lata Mangeshkar, Nastik Song.mp3",.mp3,179.2,2.987,"bollywood_old\Gagan Jhanjhana Rahaa - Hemant Kumar, Lata Mangeshkar, Nastik Song.mp3"
bollywood_old,"Ghungharva Mora Cham Cham Baje - Mehmood, Helen, Zindagi Song","Ghungharva Mora Cham Cham Baje - Mehmood, Helen, Zindagi Song.mp3",.mp3,146.449,2.441,"bollywood_old\Ghungharva Mora Cham Cham Baje - Mehmood, Helen, Zindagi Song.mp3"
bollywood_old,"Hai Naam Mera Ramzani - Shamshad Begum, Chitragupt, Aladdin Aur Jadui Chirag Song","Hai Naam Mera Ramzani - Shamshad Begum, Chitragupt, Aladdin Aur Jadui Chirag Song.mp3",.mp3,157.248,2.621,"bollywood_old\Hai Naam Mera Ramzani - Shamshad Begum, Chitragupt, Aladdin Aur Jadui Chirag Song.mp3"
bollywood_old,"Har Dukhra Sehne Wali - Meena Kumari, Sahara Song","Har Dukhra Sehne Wali - Meena Kumari, Sahara Song.mp3",.mp3,218.732,3.646,"bollywood_old\Har Dukhra Sehne Wali - Meena Kumari, Sahara Song.mp3"
bollywood_old,"Hey Jamaalo - Mohammed Rafi, Asha Bhosle, Madhumati, Pooja Ke Phool Song","Hey Jamaalo - Mohammed Rafi, Asha Bhosle, Madhumati, Pooja Ke Phool Song.mp3",.mp3,321.457,5.358,"bollywood_old\Hey Jamaalo - Mohammed Rafi, Asha Bhosle, Madhumati, Pooja Ke Phool Song.mp3"
bollywood_old,"Ho Dekho Aayi Re Ho Kaali Ghata - Mohammed Rafi, Vinod, Raj Tilak Song","Ho Dekho Aayi Re Ho Kaali Ghata - Mohammed Rafi, Vinod, Raj Tilak Song.mp3",.mp3,84.997,1.417,"bollywood_old\Ho Dekho Aayi Re Ho Kaali Ghata - Mohammed Rafi, Vinod, Raj Tilak Song.mp3"
bollywood_old,"Ho Sake Toh Dil Ke Badle Dil - Asha Bhosle, Mohd Rafi, Aladdin Aur Jadui Chirag Song","Ho Sake Toh Dil Ke Badle Dil - Asha Bhosle, Mohd Rafi, Aladdin Aur Jadui Chirag Song.mp3",.mp3,222.613,3.71,"bollywood_old\Ho Sake Toh Dil Ke Badle Dil - Asha Bhosle, Mohd Rafi, Aladdin Aur Jadui Chirag Song.mp3"
bollywood_old,"Hum Bachche Hain - Asha Bhosle, Suman Kalyanpur, Hum Panchhi Ek Daal Ke Song","Hum Bachche Hain - Asha Bhosle, Suman Kalyanpur, Hum Panchhi Ek Daal Ke Song.mp3",.mp3,464.917,7.749,"bollywood_old\Hum Bachche Hain - Asha Bhosle, Suman Kalyanpur, Hum Panchhi Ek Daal Ke Song.mp3"
bollywood_old,"Hum Rang Rangili - Asha Bhosle, Suman Kalyanpur, Paigham Song","Hum Rang Rangili - Asha Bhosle, Suman Kalyanpur, Paigham Song.mp3",.mp3,133.004,2.217,"bollywood_old\Hum Rang Rangili - Asha Bhosle, Suman Kalyanpur, Paigham Song.mp3"
bollywood_old,"Humsafar Mere Humsafar - Dharmendra, Meena Kumari, Purnima Song","Humsafar Mere Humsafar - Dharmendra, Meena Kumari, Purnima Song.mp3",.mp3,215.284,3.588,"bollywood_old\Humsafar Mere Humsafar - Dharmendra, Meena Kumari, Purnima Song.mp3"
bollywood_old,"Hurra Hurra Achha Din - Padmini, Mr. Sampat Dance Song","Hurra Hurra Achha Din - Padmini, Mr. Sampat Dance Song.mp3",.mp3,80.933,1.349,"bollywood_old\Hurra Hurra Achha Din - Padmini, Mr. Sampat Dance Song.mp3"
bollywood_old,"Itna Na Mujh Se Tu - Asha Parekh, Sunil Dutt, Chhaya Song (Duet)","Itna Na Mujh Se Tu - Asha Parekh, Sunil Dutt, Chhaya Song (Duet).mp3",.mp3,458.896,7.648,"bollywood_old\Itna Na Mujh Se Tu - Asha Parekh, Sunil Dutt, Chhaya Song (Duet).mp3"
bollywood_old,"Ja Ja Re Ja Deewane - Mehmood, Shubha Khote ｜ Mohammad Rafi, Asha Bhosle ｜ Grahasti Song","Ja Ja Re Ja Deewane - Mehmood, Shubha Khote ｜ Mohammad Rafi, Asha Bhosle ｜ Grahasti Song.mp3",.mp3,216.723,3.612,"bollywood_old\Ja Ja Re Ja Deewane - Mehmood, Shubha Khote ｜ Mohammad Rafi, Asha Bhosle ｜ Grahasti Song.mp3"
bollywood_old,"Jaane Jaan Paas Aao - Sunil Dutt, Leela Naidu ｜ Asha Bhosle ｜ Yeh Rastey Hain Pyar Ke ｜Romantic Song","Jaane Jaan Paas Aao - Sunil Dutt, Leela Naidu ｜ Asha Bhosle ｜ Yeh Rastey Hain Pyar Ke ｜Romantic Song.mp3",.mp3,245.203,4.087,"bollywood_old\Jaane Jaan Paas Aao - Sunil Dutt, Leela Naidu ｜ Asha Bhosle ｜ Yeh Rastey Hain Pyar Ke ｜Romantic Song.mp3"
bollywood_old,"Jab Se Tumhe Dekha Hai - Mohammed Rafi, Asha Bhosle, Gharana Romantic Song","Jab Se Tumhe Dekha Hai - Mohammed Rafi, Asha Bhosle, Gharana Romantic Song.mp3",.mp3,251.89,4.198,"bollywood_old\Jab Se Tumhe Dekha Hai - Mohammed Rafi, Asha Bhosle, Gharana Romantic Song.mp3"
bollywood_old,"Jag Dard E Ishq Jag - Hemant Kumar, Lata Mangeshkar, Anarkali Song","Jag Dard E Ishq Jag - Hemant Kumar, Lata Mangeshkar, Anarkali Song.mp3",.mp3,320.482,5.341,"bollywood_old\Jag Dard E Ishq Jag - Hemant Kumar, Lata Mangeshkar, Anarkali Song.mp3"
bollywood_old,"Jahan Main Jaati Hoon - Raj Kapoor, Nargis, Lata, Manna Dey, Chori Chori Song","Jahan Main Jaati Hoon - Raj Kapoor, Nargis, Lata, Manna Dey, Chori Chori Song.mp3",.mp3,253.969,4.233,"bollywood_old\Jahan Main Jaati Hoon - Raj Kapoor, Nargis, Lata, Manna Dey, Chori Chori Song.mp3"
bollywood_old,"Jai Jagdish Hare - Geeta Dutt, Hemant Kumar, Anand Math Song","Jai Jagdish Hare - Geeta Dutt, Hemant Kumar, Anand Math Song.mp3",.mp3,171.085,2.851,"bollywood_old\Jai Jagdish Hare - Geeta Dutt, Hemant Kumar, Anand Math Song.mp3"
bollywood_old,Jai Raghunandan Jai Siyaram ： Shri Ram Bhajan Song ｜ Mohammed Rafi ｜ Asha Bhosle ｜ Ram Mandir Bhajan,Jai Raghunandan Jai Siyaram ： Shri Ram Bhajan Song ｜ Mohammed Rafi ｜ Asha Bhosle ｜ Ram Mandir Bhajan.mp3,.mp3,188.372,3.14,bollywood_old\Jai Raghunandan Jai Siyaram ： Shri Ram Bhajan Song ｜ Mohammed Rafi ｜ Asha Bhosle ｜ Ram Mandir Bhajan.mp3
bollywood_old,"Jawani Mein Akelepan - Dilip, Vyjayantimala, Asha, Mohd. Rafi, Paigham Song","Jawani Mein Akelepan - Dilip, Vyjayantimala, Asha, Mohd. Rafi, Paigham Song.mp3",.mp3,203.755,3.396,"bollywood_old\Jawani Mein Akelepan - Dilip, Vyjayantimala, Asha, Mohd. Rafi, Paigham Song.mp3"
bollywood_old,"Kafir Nazr - Mohammed Rafi, Asha Bhosle, Aadhi Raat Ke Baad Song","Kafir Nazr - Mohammed Rafi, Asha Bhosle, Aadhi Raat Ke Baad Song.mp3",.mp3,240.363,4.006,"bollywood_old\Kafir Nazr - Mohammed Rafi, Asha Bhosle, Aadhi Raat Ke Baad Song.mp3"
bollywood_old,"Kaise Rokoge Aise Toofan Ko - Geeta Dutt, Talat Mehmood, Anand Math Song","Kaise Rokoge Aise Toofan Ko - Geeta Dutt, Talat Mehmood, Anand Math Song.mp3",.mp3,211.348,3.522,"bollywood_old\Kaise Rokoge Aise Toofan Ko - Geeta Dutt, Talat Mehmood, Anand Math Song.mp3"
bollywood_old,"Kamaata Hoon Bohut Kuch - Kishore Kumar, Geeta Dutt, Adhikar song","Kamaata Hoon Bohut Kuch - Kishore Kumar, Geeta Dutt, Adhikar song.mp3",.mp3,264.301,4.405,"bollywood_old\Kamaata Hoon Bohut Kuch - Kishore Kumar, Geeta Dutt, Adhikar song.mp3"
bollywood_old,"Katwa Ke Naiya - Dilip Kumar, Kamini Kaushal, Nadiya Ke Paar Song","Katwa Ke Naiya - Dilip Kumar, Kamini Kaushal, Nadiya Ke Paar Song.mp3",.mp3,246.735,4.112,"bollywood_old\Katwa Ke Naiya - Dilip Kumar, Kamini Kaushal, Nadiya Ke Paar Song.mp3"
bollywood_old,"Khile Hai Sakhi Aaj Phoolwa - Lata Mangeshkar, Usha Mangeshkar, Asha Bhosle ｜ Grahasti Song","Khile Hai Sakhi Aaj Phoolwa - Lata Mangeshkar, Usha Mangeshkar, Asha Bhosle ｜ Grahasti Song.mp3",.mp3,147.818,2.464,"bollywood_old\Khile Hai Sakhi Aaj Phoolwa - Lata Mangeshkar, Usha Mangeshkar, Asha Bhosle ｜ Grahasti Song.mp3"
bollywood_old,"Maar Gayo Re - Kamini Kaushal, Nadiya Ke Paar Song","Maar Gayo Re - Kamini Kaushal, Nadiya Ke Paar Song.mp3",.mp3,187.803,3.13,"bollywood_old\Maar Gayo Re - Kamini Kaushal, Nadiya Ke Paar Song.mp3"
bollywood_old,"Man Bhavan Ke Ghar Jaye - Lata Mangeshkar, Asha Bhosle, Chori Chori Song","Man Bhavan Ke Ghar Jaye - Lata Mangeshkar, Asha Bhosle, Chori Chori Song.mp3",.mp3,267.691,4.462,"bollywood_old\Man Bhavan Ke Ghar Jaye - Lata Mangeshkar, Asha Bhosle, Chori Chori Song.mp3"
bollywood_old,"Mera Husn Lootne - Zohra Ambala, Moti Bai, Chandralekha Song","Mera Husn Lootne - Zohra Ambala, Moti Bai, Chandralekha Song.mp3",.mp3,138.944,2.316,"bollywood_old\Mera Husn Lootne - Zohra Ambala, Moti Bai, Chandralekha Song.mp3"
bollywood_old,Mera Kuchh Samaan ｜ Asha Bhosle ｜ R.D. Burman ｜ Gulzar ｜ Old Hindi Song,Mera Kuchh Samaan ｜ Asha Bhosle ｜ R.D. Burman ｜ Gulzar ｜ Old Hindi Song.mp3,.mp3,400.01,6.667,bollywood_old\Mera Kuchh Samaan ｜ Asha Bhosle ｜ R.D. Burman ｜ Gulzar ｜ Old Hindi Song.mp3
bollywood_old,"Mere Banne Ki Baat Na Puchho - Asha Bhosle, Shamshad Begum, Gharana Song","Mere Banne Ki Baat Na Puchho - Asha Bhosle, Shamshad Begum, Gharana Song.mp3",.mp3,377.417,6.29,"bollywood_old\Mere Banne Ki Baat Na Puchho - Asha Bhosle, Shamshad Begum, Gharana Song.mp3"
bollywood_old,"Morey Angana Mein - Shamshad Begum, Moti, Nishan Song","Morey Angana Mein - Shamshad Begum, Moti, Nishan Song.mp3",.mp3,204.777,3.413,"bollywood_old\Morey Angana Mein - Shamshad Begum, Moti, Nishan Song.mp3"
bollywood_old,"Na Dekho Hame Ghur Ke - Asha Bhosle, Mohammed Rafi, Gharana Song","Na Dekho Hame Ghur Ke - Asha Bhosle, Mohammed Rafi, Gharana Song.mp3",.mp3,242.625,4.044,"bollywood_old\Na Dekho Hame Ghur Ke - Asha Bhosle, Mohammed Rafi, Gharana Song.mp3"
bollywood_old,Na Tum Hamen Jaano - VIDEO SONG ｜ Baat Ek Raat Ki ｜ Hemant Kumar ｜ Old Hindi Song,Na Tum Hamen Jaano - VIDEO SONG ｜ Baat Ek Raat Ki ｜ Hemant Kumar ｜ Old Hindi Song.mp3,.mp3,216.364,3.606,bollywood_old\Na Tum Hamen Jaano - VIDEO SONG ｜ Baat Ek Raat Ki ｜ Hemant Kumar ｜ Old Hindi Song.mp3
bollywood_old,"Nautanki, Laila Majnu - Bhagwan, Manna Dey, Balbir, Bhabhi Song","Nautanki, Laila Majnu - Bhagwan, Manna Dey, Balbir, Bhabhi Song.mp3",.mp3,323.925,5.399,"bollywood_old\Nautanki, Laila Majnu - Bhagwan, Manna Dey, Balbir, Bhabhi Song.mp3"
bollywood_old,"O Gori O Chhori - Chitalkar, Lata Mangeshkar, Nadiya Ke Paar Song","O Gori O Chhori - Chitalkar, Lata Mangeshkar, Nadiya Ke Paar Song.mp3",.mp3,153.182,2.553,"bollywood_old\O Gori O Chhori - Chitalkar, Lata Mangeshkar, Nadiya Ke Paar Song.mp3"
bollywood_old,"O More Balma - Mohammed Rafi, Shamshad Begum, Shair Song","O More Balma - Mohammed Rafi, Shamshad Begum, Shair Song.mp3",.mp3,131.541,2.192,"bollywood_old\O More Balma - Mohammed Rafi, Shamshad Begum, Shair Song.mp3"
bollywood_old,"O Mr. Banjo Ishara To Samjho - Asha Bhosle, Md. Rafi, Hum Sab Chor Hai Song","O Mr. Banjo Ishara To Samjho - Asha Bhosle, Md. Rafi, Hum Sab Chor Hai Song.mp3",.mp3,182.485,3.041,"bollywood_old\O Mr. Banjo Ishara To Samjho - Asha Bhosle, Md. Rafi, Hum Sab Chor Hai Song.mp3"
bollywood_old,"Paas Aa Kar To Na - Mohammed Rafi, Asha Bhosle, Laadla Song (Duet)","Paas Aa Kar To Na - Mohammed Rafi, Asha Bhosle, Laadla Song (Duet).mp3",.mp3,251.217,4.187,"bollywood_old\Paas Aa Kar To Na - Mohammed Rafi, Asha Bhosle, Laadla Song (Duet).mp3"
bollywood_old,"Pardes Na Jaiyo - Zohra Ambala, Moti, Nishan Song","Pardes Na Jaiyo - Zohra Ambala, Moti, Nishan Song.mp3",.mp3,275.853,4.598,"bollywood_old\Pardes Na Jaiyo - Zohra Ambala, Moti, Nishan Song.mp3"
bollywood_old,"Payal Khul Khul Jaye - Manoj Kumar ｜ Mohammed Rafi, Asha Bhosle ｜ Grahasti Song","Payal Khul Khul Jaye - Manoj Kumar ｜ Mohammed Rafi, Asha Bhosle ｜ Grahasti Song.mp3",.mp3,129.515,2.159,"bollywood_old\Payal Khul Khul Jaye - Manoj Kumar ｜ Mohammed Rafi, Asha Bhosle ｜ Grahasti Song.mp3"
bollywood_old,Phufaji Zara Sach Sach Kaho - Kids Song ｜ Hindi Comedy Song ｜ Mehmood ｜ Purnima,Phufaji Zara Sach Sach Kaho - Kids Song ｜ Hindi Comedy Song ｜ Mehmood ｜ Purnima.mp3,.mp3,206.449,3.441,bollywood_old\Phufaji Zara Sach Sach Kaho - Kids Song ｜ Hindi Comedy Song ｜ Mehmood ｜ Purnima.mp3
bollywood_old,"Qismat Mein Bichhadana Tha - Dilip Kumar, Kamini Kaushal, Shabnam Song","Qismat Mein Bichhadana Tha - Dilip Kumar, Kamini Kaushal, Shabnam Song.mp3",.mp3,152.485,2.541,"bollywood_old\Qismat Mein Bichhadana Tha - Dilip Kumar, Kamini Kaushal, Shabnam Song.mp3"
bollywood_old,"Radha Tore Kanha Ne Murli Bajai - Dharmendra, Meena Kumari, Purnima Song","Radha Tore Kanha Ne Murli Bajai - Dharmendra, Meena Kumari, Purnima Song.mp3",.mp3,308.416,5.14,"bollywood_old\Radha Tore Kanha Ne Murli Bajai - Dharmendra, Meena Kumari, Purnima Song.mp3"
bollywood_old,"Sach Bata Tu - Nutan, Asha Bhosle, Talat Mehmood, Sone Ki Chidiya Song","Sach Bata Tu - Nutan, Asha Bhosle, Talat Mehmood, Sone Ki Chidiya Song.mp3",.mp3,263.663,4.394,"bollywood_old\Sach Bata Tu - Nutan, Asha Bhosle, Talat Mehmood, Sone Ki Chidiya Song.mp3"
bollywood_old,Sanam Bewafa ｜ Lyrical ｜ Salman Khan ｜ Chandini ｜ Lata Mangeshkar ｜ 90's Hits,Sanam Bewafa ｜ Lyrical ｜ Salman Khan ｜ Chandini ｜ Lata Mangeshkar ｜ 90's Hits.mp3,.mp3,383.06,6.384,bollywood_old\Sanam Bewafa ｜ Lyrical ｜ Salman Khan ｜ Chandini ｜ Lata Mangeshkar ｜ 90's Hits.mp3
bollywood_old,"Sharma Ke Zara Aye Mast Ada - Asha Bhosle, Shamshad Begum, Aladdin Aur Jadui Chirag Song","Sharma Ke Zara Aye Mast Ada - Asha Bhosle, Shamshad Begum, Aladdin Aur Jadui Chirag Song.mp3",.mp3,221.44,3.691,"bollywood_old\Sharma Ke Zara Aye Mast Ada - Asha Bhosle, Shamshad Begum, Aladdin Aur Jadui Chirag Song.mp3"
bollywood_old,"Shola Ulfat Ka - Asha Bhosle, Mohd Rafi, Aurat Song","Shola Ulfat Ka - Asha Bhosle, Mohd Rafi, Aurat Song.mp3",.mp3,199.403,3.323,"bollywood_old\Shola Ulfat Ka - Asha Bhosle, Mohd Rafi, Aurat Song.mp3"
bollywood_old,"Shyam Ki Bela Jiya Akela - T.R.Rajkumari, Chandralekha Song","Shyam Ki Bela Jiya Akela - T.R.Rajkumari, Chandralekha Song.mp3",.mp3,163.904,2.732,"bollywood_old\Shyam Ki Bela Jiya Akela - T.R.Rajkumari, Chandralekha Song.mp3"
bollywood_old,"Suno Suno Miss Chatterjee - Asha Bhosle, Mohammed Rafi, Baharen Phir Bhi Aayengi Song","Suno Suno Miss Chatterjee - Asha Bhosle, Mohammed Rafi, Baharen Phir Bhi Aayengi Song.mp3",.mp3,260.416,4.34,"bollywood_old\Suno Suno Miss Chatterjee - Asha Bhosle, Mohammed Rafi, Baharen Phir Bhi Aayengi Song.mp3"
bollywood_old,Suno Suno Re Kahaani - Hum Panchhi Ek Daal Ke Song,Suno Suno Re Kahaani - Hum Panchhi Ek Daal Ke Song.mp3,.mp3,558.231,9.304,bollywood_old\Suno Suno Re Kahaani - Hum Panchhi Ek Daal Ke Song.mp3
bollywood_old,"Tiki Riki Tiki Riki - Asha Bhosle, Mohammed Rafi, Helen, Manoj Kumar, Woh Kaun Thi Song","Tiki Riki Tiki Riki - Asha Bhosle, Mohammed Rafi, Helen, Manoj Kumar, Woh Kaun Thi Song.mp3",.mp3,201.92,3.365,"bollywood_old\Tiki Riki Tiki Riki - Asha Bhosle, Mohammed Rafi, Helen, Manoj Kumar, Woh Kaun Thi Song.mp3"
bollywood_old,"Tu Mahal Mein Rahnewaali - Dilip Kumar, Kamini Kaushal, Shabnam Song","Tu Mahal Mein Rahnewaali - Dilip Kumar, Kamini Kaushal, Shabnam Song.mp3",.mp3,254.885,4.248,"bollywood_old\Tu Mahal Mein Rahnewaali - Dilip Kumar, Kamini Kaushal, Shabnam Song.mp3"
bollywood_old,Tujhse Naraaz Nahin Zindagi (Male) ｜ Masoom ｜ Naseeruddin Shah ｜ Jugal Hansraj ｜ #TujhseNaraazNahin,Tujhse Naraaz Nahin Zindagi (Male) ｜ Masoom ｜ Naseeruddin Shah ｜ Jugal Hansraj ｜ #TujhseNaraazNahin.mp3,.mp3,367.758,6.129,bollywood_old\Tujhse Naraaz Nahin Zindagi (Male) ｜ Masoom ｜ Naseeruddin Shah ｜ Jugal Hansraj ｜ #TujhseNaraazNahin.mp3
bollywood_old,"Ye Duniya Hai - Dev Anand, Kamini Kaushal, Lata, Mukesh, Shair Song","Ye Duniya Hai - Dev Anand, Kamini Kaushal, Lata, Mukesh, Shair Song.mp3",.mp3,189.056,3.151,"bollywood_old\Ye Duniya Hai - Dev Anand, Kamini Kaushal, Lata, Mukesh, Shair Song.mp3"
bollywood_old,"Ye Jindagi Ka Mausam - Asha Bhosle, Mohammed Rafi ,Ghunghat Song","Ye Jindagi Ka Mausam - Asha Bhosle, Mohammed Rafi ,Ghunghat Song.mp3",.mp3,159.184,2.653,"bollywood_old\Ye Jindagi Ka Mausam - Asha Bhosle, Mohammed Rafi ,Ghunghat Song.mp3"
bollywood_old,"Ye Raaz E Zindagi - Zohra Ambala, Moti, Nishan Song","Ye Raaz E Zindagi - Zohra Ambala, Moti, Nishan Song.mp3",.mp3,203.964,3.399,"bollywood_old\Ye Raaz E Zindagi - Zohra Ambala, Moti, Nishan Song.mp3"
classical,Divine Classical Music - Kishori Amonkar ｜ Wake Up Fresh & Happy ｜ Indian Classical Vocal Music,Divine Classical Music - Kishori Amonkar ｜ Wake Up Fresh & Happy ｜ Indian Classical Vocal Music.mp3,.mp3,4040.33,67.339,classical\Divine Classical Music - Kishori Amonkar ｜ Wake Up Fresh & Happy ｜ Indian Classical Vocal Music.mp3
classical,Healing Ragas ｜ Ustad Ali Akbar Khan ｜ Ustad Vilayat Khan ｜ Indian Classical Instrumental Music,Healing Ragas ｜ Ustad Ali Akbar Khan ｜ Ustad Vilayat Khan ｜ Indian Classical Instrumental Music.mp3,.mp3,3382.451,56.374,classical\Healing Ragas ｜ Ustad Ali Akbar Khan ｜ Ustad Vilayat Khan ｜ Indian Classical Instrumental Music.mp3
classical,Morning Classical Pt. Bhimsen Joshi Melodies Khayal ｜ Hindustani Vocal ｜ Indian Classical Music,Morning Classical Pt. Bhimsen Joshi Melodies Khayal ｜ Hindustani Vocal ｜ Indian Classical Music.mp3,.mp3,6100.521,101.675,classical\Morning Classical Pt. Bhimsen Joshi Melodies Khayal ｜ Hindustani Vocal ｜ Indian Classical Music.mp3
classical,Pandit Ravi Shankar ｜ Early Evening Ragas ｜ Peaceful Morning ｜ Indian Classical Instrumental Music,Pandit Ravi Shankar ｜ Early Evening Ragas ｜ Peaceful Morning ｜ Indian Classical Instrumental Music.mp3,.mp3,1952.067,32.534,classical\Pandit Ravi Shankar ｜ Early Evening Ragas ｜ Peaceful Morning ｜ Indian Classical Instrumental Music.mp3
classical,The Soul of Shehnai ｜ Ustad Bismillah Khan ｜ Indian Classical Instrumental Music ｜ Shehnai Music,The Soul of Shehnai ｜ Ustad Bismillah Khan ｜ Indian Classical Instrumental Music ｜ Shehnai Music.mp3,.mp3,2595.689,43.261,classical\The Soul of Shehnai ｜ Ustad Bismillah Khan ｜ Indian Classical Instrumental Music ｜ Shehnai Music.mp3
edm,Afrojack & Martin Garrix - Turn Up The Speakers (Official Music Video),Afrojack & Martin Garrix - Turn Up The Speakers (Official Music Video).mp3,.mp3,189.483,3.158,edm\Afrojack & Martin Garrix - Turn Up The Speakers (Official Music Video).mp3
edm,Afrojack & Steve Aoki ft Miss Palmer - No Beef (Official Music Video),Afrojack & Steve Aoki ft Miss Palmer - No Beef (Official Music Video).mp3,.mp3,333.288,5.555,edm\Afrojack & Steve Aoki ft Miss Palmer - No Beef (Official Music Video).mp3
edm,AFROJACK - Ten Feet Tall (Lyric Video) ft. Wrabel,AFROJACK - Ten Feet Tall (Lyric Video) ft. Wrabel.mp3,.mp3,229.924,3.832,edm\AFROJACK - Ten Feet Tall (Lyric Video) ft. Wrabel.mp3
edm,Alan Walker - Faded,Alan Walker - Faded.mp3,.mp3,212.486,3.541,edm\Alan Walker - Faded.mp3
edm,Alesso vs OneRepublic - If I Lose Myself (Alesso Remix),Alesso vs OneRepublic - If I Lose Myself (Alesso Remix).mp3,.mp3,297.378,4.956,edm\Alesso vs OneRepublic - If I Lose Myself (Alesso Remix).mp3
edm,Alice Deejay - Better Off Alone (Official Video),Alice Deejay - Better Off Alone (Official Video).mp3,.mp3,175.009,2.917,edm\Alice Deejay - Better Off Alone (Official Video).mp3
edm,Armin van Buuren - Communication,Armin van Buuren - Communication.mp3,.mp3,250.787,4.18,edm\Armin van Buuren - Communication.mp3
edm,Armin van Buuren feat. Sharon den Adel - In And Out Of Love (Official Music Video),Armin van Buuren feat. Sharon den Adel - In And Out Of Love (Official Music Video).mp3,.mp3,188,3.133,edm\Armin van Buuren feat. Sharon den Adel - In And Out Of Love (Official Music Video).mp3
edm,Armin van Buuren feat. Trevor Guthrie - This Is What It Feels Like (Official Music Video),Armin van Buuren feat. Trevor Guthrie - This Is What It Feels Like (Official Music Video).mp3,.mp3,249.792,4.163,edm\Armin van Buuren feat. Trevor Guthrie - This Is What It Feels Like (Official Music Video).mp3
edm,Armin van Buuren vs Vini Vici feat. Hilight Tribe - Great Spirit (Extended Mix),Armin van Buuren vs Vini Vici feat. Hilight Tribe - Great Spirit (Extended Mix).mp3,.mp3,457.805,7.63,edm\Armin van Buuren vs Vini Vici feat. Hilight Tribe - Great Spirit (Extended Mix).mp3
edm,Around the World (La La La La La),Around the World (La La La La La).mp3,.mp3,214.533,3.576,edm\Around the World (La La La La La).mp3
edm,Avicii & David Guetta - Sunshine ( Radio Edit ),Avicii & David Guetta - Sunshine ( Radio Edit ).mp3,.mp3,224.003,3.733,edm\Avicii & David Guetta - Sunshine ( Radio Edit ).mp3
edm,Avicii - Levels,Avicii - Levels.mp3,.mp3,198.356,3.306,edm\Avicii - Levels.mp3
edm,Avicii - Silhouettes (Official Music Video),Avicii - Silhouettes (Official Music Video).mp3,.mp3,284.119,4.735,edm\Avicii - Silhouettes (Official Music Video).mp3
edm,Avicii - Waiting For Love,Avicii - Waiting For Love.mp3,.mp3,230.214,3.837,edm\Avicii - Waiting For Love.mp3
edm,Avicii - Wake Me Up (Official Video),Avicii - Wake Me Up (Official Video).mp3,.mp3,272.451,4.541,edm\Avicii - Wake Me Up (Official Video).mp3
edm,Avicii vs Nicky Romero - I Could Be The One (Nicktim),Avicii vs Nicky Romero - I Could Be The One (Nicktim).mp3,.mp3,285.524,4.759,edm\Avicii vs Nicky Romero - I Could Be The One (Nicktim).mp3
edm,Benny Benassi - Satisfaction,Benny Benassi - Satisfaction.mp3,.mp3,146.692,2.445,edm\Benny Benassi - Satisfaction.mp3
edm,Benny Benassi ft. Gary Go - Cinema (Skrillex Remix) (Official Video),Benny Benassi ft. Gary Go - Cinema (Skrillex Remix) (Official Video).mp3,.mp3,209.386,3.49,edm\Benny Benassi ft. Gary Go - Cinema (Skrillex Remix) (Official Video).mp3
edm,Bob Sinclar - World Hold On (Official HD Video),Bob Sinclar - World Hold On (Official HD Video).mp3,.mp3,218.651,3.644,edm\Bob Sinclar - World Hold On (Official HD Video).mp3
edm,BORGORE & SIKDOPE - Unicorn Zombie Apocalypse (Original Mix),BORGORE & SIKDOPE - Unicorn Zombie Apocalypse (Original Mix).mp3,.mp3,278.165,4.636,edm\BORGORE & SIKDOPE - Unicorn Zombie Apocalypse (Original Mix).mp3
edm,Calvin Harris - Summer (Official Video),Calvin Harris - Summer (Official Video).mp3,.mp3,233.906,3.898,edm\Calvin Harris - Summer (Official Video).mp3
edm,Cascada - Everytime We Touch (Official Video),Cascada - Everytime We Touch (Official Video).mp3,.mp3,214.541,3.576,edm\Cascada - Everytime We Touch (Official Video).mp3
edm,Corona - The Rhythm of the Night (Official Music Video),Corona - The Rhythm of the Night (Official Music Video).mp3,.mp3,226.534,3.776,edm\Corona - The Rhythm of the Night (Official Music Video).mp3
edm,Daft Punk - Around the World (Official Audio),Daft Punk - Around the World (Official Audio).mp3,.mp3,429.523,7.159,edm\Daft Punk - Around the World (Official Audio).mp3
edm,"Daft Punk - Harder, Better, Faster, Stronger (Official Video)","Daft Punk - Harder, Better, Faster, Stronger (Official Video).mp3",.mp3,222.807,3.713,"edm\Daft Punk - Harder, Better, Faster, Stronger (Official Video).mp3"
edm,Daft Punk - One More Time (Official Video),Daft Punk - One More Time (Official Video).mp3,.mp3,321.411,5.357,edm\Daft Punk - One More Time (Official Video).mp3
edm,Darude - Sandstorm,Darude - Sandstorm.mp3,.mp3,232.281,3.871,edm\Darude - Sandstorm.mp3
edm,David Guetta & Showtek - Bad ft.Vassy (Lyrics Video),David Guetta & Showtek - Bad ft.Vassy (Lyrics Video).mp3,.mp3,170.643,2.844,edm\David Guetta & Showtek - Bad ft.Vassy (Lyrics Video).mp3
edm,"David Guetta - Hey Mama (Official Video) ft Nicki Minaj, Bebe Rexha & Afrojack","David Guetta - Hey Mama (Official Video) ft Nicki Minaj, Bebe Rexha & Afrojack.mp3",.mp3,199.785,3.33,"edm\David Guetta - Hey Mama (Official Video) ft Nicki Minaj, Bebe Rexha & Afrojack.mp3"
edm,David Guetta - Titanium ft. Sia (Official Video),David Guetta - Titanium ft. Sia (Official Video).mp3,.mp3,245.249,4.087,edm\David Guetta - Titanium ft. Sia (Official Video).mp3
edm,deadmau5 - Raise Your Weapon (feat. Greta Svabo Bech),deadmau5 - Raise Your Weapon (feat. Greta Svabo Bech).mp3,.mp3,500.657,8.344,edm\deadmau5 - Raise Your Weapon (feat. Greta Svabo Bech).mp3
edm,deadmau5 - Strobe,deadmau5 - Strobe.mp3,.mp3,636.885,10.615,edm\deadmau5 - Strobe.mp3
edm,deadmau5 feat. Rob Swire - Ghosts N Stuff,deadmau5 feat. Rob Swire - Ghosts N Stuff.mp3,.mp3,194.363,3.239,edm\deadmau5 feat. Rob Swire - Ghosts N Stuff.mp3
edm,Deorro - Five Hours (Static Video) [LE7ELS],Deorro - Five Hours (Static Video) [LE7ELS].mp3,.mp3,329.247,5.487,edm\Deorro - Five Hours (Static Video) [LE7ELS].mp3
edm,"Dillon Francis, DJ Snake - Get Low (Official Music Video)","Dillon Francis, DJ Snake - Get Low (Official Music Video).mp3",.mp3,212.59,3.543,"edm\Dillon Francis, DJ Snake - Get Low (Official Music Video).mp3"
edm,Dimitri Vegas & Like Mike ft. Wolfpack - Ocarina (Instrumental Mix),Dimitri Vegas & Like Mike ft. Wolfpack - Ocarina (Instrumental Mix).mp3,.mp3,288.96,4.816,edm\Dimitri Vegas & Like Mike ft. Wolfpack - Ocarina (Instrumental Mix).mp3
edm,Dimitri Vegas & Like Mike vs Ummet Ozcan - The Hum (Official Music Video),Dimitri Vegas & Like Mike vs Ummet Ozcan - The Hum (Official Music Video).mp3,.mp3,284.92,4.749,edm\Dimitri Vegas & Like Mike vs Ummet Ozcan - The Hum (Official Music Video).mp3
edm,"Dimitri Vegas, Martin Garrix, Like Mike - Tremor (Official Music Video)","Dimitri Vegas, Martin Garrix, Like Mike - Tremor (Official Music Video).mp3",.mp3,198.415,3.307,"edm\Dimitri Vegas, Martin Garrix, Like Mike - Tremor (Official Music Video).mp3"
edm,"Dimitri Vegas, MOGUAI & Like Mike - Mammoth (Original Mix)","Dimitri Vegas, MOGUAI & Like Mike - Mammoth (Original Mix).mp3",.mp3,332.243,5.537,"edm\Dimitri Vegas, MOGUAI & Like Mike - Mammoth (Original Mix).mp3"
edm,DJ Snake - Let Me Love You (Official Music Video) ft. Justin Bieber,DJ Snake - Let Me Love You (Official Music Video) ft. Justin Bieber.mp3,.mp3,205.322,3.422,edm\DJ Snake - Let Me Love You (Official Music Video) ft. Justin Bieber.mp3
edm,"DJ Snake, Lil Jon - Turn Down for What","DJ Snake, Lil Jon - Turn Down for What.mp3",.mp3,216.05,3.601,"edm\DJ Snake, Lil Jon - Turn Down for What.mp3"
edm,Dreamscape,Dreamscape.mp3,.mp3,277.489,4.625,edm\Dreamscape.mp3
edm,DVBBS & Borgeous - TSUNAMI (Original Mix),DVBBS & Borgeous - TSUNAMI (Original Mix).mp3,.mp3,236.008,3.933,edm\DVBBS & Borgeous - TSUNAMI (Original Mix).mp3
edm,Eiffel 65 - Blue (Da Ba Dee),Eiffel 65 - Blue (Da Ba Dee).mp3,.mp3,285.803,4.763,edm\Eiffel 65 - Blue (Da Ba Dee).mp3
edm,Energy 52： Café Del Mar (Three 'n One Radio Remix) (official video),Energy 52： Café Del Mar (Three 'n One Radio Remix) (official video).mp3,.mp3,229.448,3.824,edm\Energy 52： Café Del Mar (Three 'n One Radio Remix) (official video).mp3
edm,Eric Prydz - Opus (OUT NOW),Eric Prydz - Opus (OUT NOW).mp3,.mp3,543.486,9.058,edm\Eric Prydz - Opus (OUT NOW).mp3
edm,Eric Prydz - Pjanoo (Club Mix) (HQ),Eric Prydz - Pjanoo (Club Mix) (HQ).mp3,.mp3,450.955,7.516,edm\Eric Prydz - Pjanoo (Club Mix) (HQ).mp3
edm,"Eurythmics, Annie Lennox, Dave Stewart - Sweet Dreams (Are Made Of This) (Official Video)","Eurythmics, Annie Lennox, Dave Stewart - Sweet Dreams (Are Made Of This) (Official Video).mp3",.mp3,214.007,3.567,"edm\Eurythmics, Annie Lennox, Dave Stewart - Sweet Dreams (Are Made Of This) (Official Video).mp3"
edm,Faithless - Insomnia (Official 4K Video),Faithless - Insomnia (Official 4K Video).mp3,.mp3,214.924,3.582,edm\Faithless - Insomnia (Official 4K Video).mp3
edm,FISHER - Losing It,FISHER - Losing It.mp3,.mp3,400.405,6.673,edm\FISHER - Losing It.mp3
edm,Florence + The Machine - Spectrum (Say My Name) (Calvin Harris remix),Florence + The Machine - Spectrum (Say My Name) (Calvin Harris remix).mp3,.mp3,214.1,3.568,edm\Florence + The Machine - Spectrum (Say My Name) (Calvin Harris remix).mp3
edm,Flux Pavilion - I Can't Stop,Flux Pavilion - I Can't Stop.mp3,.mp3,147.133,2.452,edm\Flux Pavilion - I Can't Stop.mp3
edm,Galantis - Runaway (U & I) (Official Video),Galantis - Runaway (U & I) (Official Video).mp3,.mp3,263.663,4.394,edm\Galantis - Runaway (U & I) (Official Video).mp3
edm,GIGI D'AGOSTINO - L'AMOUR TOUJOURS ( OFFICIAL VIDEO ),GIGI D'AGOSTINO - L'AMOUR TOUJOURS ( OFFICIAL VIDEO ).mp3,.mp3,242.474,4.041,edm\GIGI D'AGOSTINO - L'AMOUR TOUJOURS ( OFFICIAL VIDEO ).mp3
edm,Haddaway - What Is Love (Official 4K Video),Haddaway - What Is Love (Official 4K Video).mp3,.mp3,240.64,4.011,edm\Haddaway - What Is Love (Official 4K Video).mp3
edm,Hardwell - Spaceman (Original Mix),Hardwell - Spaceman (Original Mix).mp3,.mp3,364.217,6.07,edm\Hardwell - Spaceman (Original Mix).mp3
edm,Ivan Gough & Feenixpawl ft. Georgi Kay - In My Mind (Axwell Mix) [OFFICIAL VIDEO],Ivan Gough & Feenixpawl ft. Georgi Kay - In My Mind (Axwell Mix) [OFFICIAL VIDEO].mp3,.mp3,193.736,3.229,edm\Ivan Gough & Feenixpawl ft. Georgi Kay - In My Mind (Axwell Mix) [OFFICIAL VIDEO].mp3
edm,Knife Party - 'Bonfire',Knife Party - 'Bonfire'.mp3,.mp3,272.091,4.535,edm\Knife Party - 'Bonfire'.mp3
edm,Kygo - Firestone ft. Conrad Sewell (Official Video),Kygo - Firestone ft. Conrad Sewell (Official Video).mp3,.mp3,222.436,3.707,edm\Kygo - Firestone ft. Conrad Sewell (Official Video).mp3
edm,Lilly Wood & The Prick and Robin Schulz - Prayer In C (Robin Schulz Remix) (Official),Lilly Wood & The Prick and Robin Schulz - Prayer In C (Robin Schulz Remix) (Official).mp3,.mp3,193.573,3.226,edm\Lilly Wood & The Prick and Robin Schulz - Prayer In C (Robin Schulz Remix) (Official).mp3
edm,Lost Frequencies - Are You With Me (Official Music Video),Lost Frequencies - Are You With Me (Official Music Video).mp3,.mp3,143.36,2.389,edm\Lost Frequencies - Are You With Me (Official Music Video).mp3
edm,Major Lazer & DJ Snake - Lean On (feat. MØ) [Official 4K Music Video],Major Lazer & DJ Snake - Lean On (feat. MØ) [Official 4K Music Video].mp3,.mp3,178.898,2.982,edm\Major Lazer & DJ Snake - Lean On (feat. MØ) [Official 4K Music Video].mp3
edm,Marshmello - Alone (Official Music Video),Marshmello - Alone (Official Music Video).mp3,.mp3,199.459,3.324,edm\Marshmello - Alone (Official Music Video).mp3
edm,Martin Garrix - Animals (Official Video),Martin Garrix - Animals (Official Video).mp3,.mp3,191.565,3.193,edm\Martin Garrix - Animals (Official Video).mp3
edm,Martin Solveig & Dragonette - Hello (Official Short Video Version HD),Martin Solveig & Dragonette - Hello (Official Short Video Version HD).mp3,.mp3,252.703,4.212,edm\Martin Solveig & Dragonette - Hello (Official Short Video Version HD).mp3
edm,Nicky Romero - Toulouse (Original Mix),Nicky Romero - Toulouse (Original Mix).mp3,.mp3,365.76,6.096,edm\Nicky Romero - Toulouse (Original Mix).mp3
edm,O-Zone - Dragostea Din Tei [Official Video],O-Zone - Dragostea Din Tei [Official Video].mp3,.mp3,285.942,4.766,edm\O-Zone - Dragostea Din Tei [Official Video].mp3
edm,Oliver Heldens - Gecko (Original Mix),Oliver Heldens - Gecko (Original Mix).mp3,.mp3,282.215,4.704,edm\Oliver Heldens - Gecko (Original Mix).mp3
edm,Otto Knows - Million Voices,Otto Knows - Million Voices.mp3,.mp3,189.069,3.151,edm\Otto Knows - Million Voices.mp3
edm,Pendulum - The Island,Pendulum - The Island.mp3,.mp3,570.108,9.502,edm\Pendulum - The Island.mp3
edm,Porter Robinson & Madeon - Shelter (Official Video) (Short Film with A-1 Pictures & Crunchyroll),Porter Robinson & Madeon - Shelter (Official Video) (Short Film with A-1 Pictures & Crunchyroll).mp3,.mp3,366.376,6.106,edm\Porter Robinson & Madeon - Shelter (Official Video) (Short Film with A-1 Pictures & Crunchyroll).mp3
edm,Porter Robinson - Language,Porter Robinson - Language.mp3,.mp3,368.803,6.147,edm\Porter Robinson - Language.mp3
edm,Pursuit Of Happiness (Extended Steve Aoki Remix),Pursuit Of Happiness (Extended Steve Aoki Remix).mp3,.mp3,373.627,6.227,edm\Pursuit Of Happiness (Extended Steve Aoki Remix).mp3
edm,R3hab - Samurai (Go Hard) [Official Video],R3hab - Samurai (Go Hard) [Official Video].mp3,.mp3,233.216,3.887,edm\R3hab - Samurai (Go Hard) [Official Video].mp3
edm,Rihanna - We Found Love ft. Calvin Harris,Rihanna - We Found Love ft. Calvin Harris.mp3,.mp3,275.516,4.592,edm\Rihanna - We Found Love ft. Calvin Harris.mp3
edm,Robert Miles - Children [Dream Version],Robert Miles - Children [Dream Version].mp3,.mp3,452.963,7.549,edm\Robert Miles - Children [Dream Version].mp3
edm,Robin S - Show Me Love (Official Music Video) [1993],Robin S - Show Me Love (Official Music Video) [1993].mp3,.mp3,239.711,3.995,edm\Robin S - Show Me Love (Official Music Video) [1993].mp3
edm,Sandro Silva & Quintino - Epic (Original Mix),Sandro Silva & Quintino - Epic (Original Mix).mp3,.mp3,346.43,5.774,edm\Sandro Silva & Quintino - Epic (Original Mix).mp3
edm,"Sebastian Ingrosso, Alesso - Calling (Lose My Mind) ft. Ryan Tedder","Sebastian Ingrosso, Alesso - Calling (Lose My Mind) ft. Ryan Tedder.mp3",.mp3,176.414,2.94,"edm\Sebastian Ingrosso, Alesso - Calling (Lose My Mind) ft. Ryan Tedder.mp3"
edm,"Sebastian Ingrosso, Tommy Trash, John Martin - Reload  (Official Video)","Sebastian Ingrosso, Tommy Trash, John Martin - Reload  (Official Video).mp3",.mp3,243.995,4.067,"edm\Sebastian Ingrosso, Tommy Trash, John Martin - Reload  (Official Video).mp3"
edm,Showtek ft. We Are Loud & Sonny Wilson - Booyah (Official Music Video),Showtek ft. We Are Loud & Sonny Wilson - Booyah (Official Music Video).mp3,.mp3,253.736,4.229,edm\Showtek ft. We Are Loud & Sonny Wilson - Booyah (Official Music Video).mp3
edm,SKRILLEX - Bangarang feat. Sirah [Official Music Video],SKRILLEX - Bangarang feat. Sirah [Official Music Video].mp3,.mp3,218.941,3.649,edm\SKRILLEX - Bangarang feat. Sirah [Official Music Video].mp3
edm,Skrillex - First Of The Year (Equinox) [Official Music Video],Skrillex - First Of The Year (Equinox) [Official Music Video].mp3,.mp3,194.769,3.246,edm\Skrillex - First Of The Year (Equinox) [Official Music Video].mp3
edm,Skrillex - Scary Monsters And Nice Sprites (Official Audio),Skrillex - Scary Monsters And Nice Sprites (Official Audio).mp3,.mp3,245.098,4.085,edm\Skrillex - Scary Monsters And Nice Sprites (Official Audio).mp3
edm,"Steve Aoki, Chris Lake & Tujamo - Boneless (Official Video)","Steve Aoki, Chris Lake & Tujamo - Boneless (Official Video).mp3",.mp3,234.011,3.9,"edm\Steve Aoki, Chris Lake & Tujamo - Boneless (Official Video).mp3"
edm,Stromae - Alors on danse (Official Video),Stromae - Alors on danse (Official Video).mp3,.mp3,234.789,3.913,edm\Stromae - Alors on danse (Official Video).mp3
edm,Swedish House Mafia - Greyhound,Swedish House Mafia - Greyhound.mp3,.mp3,211.569,3.526,edm\Swedish House Mafia - Greyhound.mp3
edm,Swedish House Mafia - One (Your Name) (Official Video),Swedish House Mafia - One (Your Name) (Official Video).mp3,.mp3,195.268,3.254,edm\Swedish House Mafia - One (Your Name) (Official Video).mp3
edm,Swedish House Mafia - Save The World (Lyric Video),Swedish House Mafia - Save The World (Lyric Video).mp3,.mp3,227.683,3.795,edm\Swedish House Mafia - Save The World (Lyric Video).mp3
edm,Swedish House Mafia ft. John Martin - Don't You Worry Child (Official Video),Swedish House Mafia ft. John Martin - Don't You Worry Child (Official Video).mp3,.mp3,334.913,5.582,edm\Swedish House Mafia ft. John Martin - Don't You Worry Child (Official Video).mp3
edm,The Chainsmokers - Closer (Lyric) ft. Halsey,The Chainsmokers - Closer (Lyric) ft. Halsey.mp3,.mp3,261.805,4.363,edm\The Chainsmokers - Closer (Lyric) ft. Halsey.mp3
edm,The Prodigy - Firestarter (Official Video),The Prodigy - Firestarter (Official Video).mp3,.mp3,225.129,3.752,edm\The Prodigy - Firestarter (Official Video).mp3
edm,Tiësto & KSHMR feat. Vassy - Secrets (Official Music Video),Tiësto & KSHMR feat. Vassy - Secrets (Official Music Video).mp3,.mp3,219.556,3.659,edm\Tiësto & KSHMR feat. Vassy - Secrets (Official Music Video).mp3
edm,Tiësto & The Chainsmokers - Split (Only U) [Official Music Video],Tiësto & The Chainsmokers - Split (Only U) [Official Music Video].mp3,.mp3,216.677,3.611,edm\Tiësto & The Chainsmokers - Split (Only U) [Official Music Video].mp3
edm,Tiësto - Adagio For Strings,Tiësto - Adagio For Strings.mp3,.mp3,205.798,3.43,edm\Tiësto - Adagio For Strings.mp3
edm,Yeah Yeah Yeahs - Heads Will Roll (A-Trak remix),Yeah Yeah Yeahs - Heads Will Roll (A-Trak remix).mp3,.mp3,203.941,3.399,edm\Yeah Yeah Yeahs - Heads Will Roll (A-Trak remix).mp3
edm,Yves LaRock - Rise Up,Yves LaRock - Rise Up.mp3,.mp3,172.164,2.869,edm\Yves LaRock - Rise Up.mp3
edm,Zedd - Clarity ft. Foxes,Zedd - Clarity ft. Foxes.mp3,.mp3,275.423,4.59,edm\Zedd - Clarity ft. Foxes.mp3
edm,Zombie Nation - Kernkraft 400,Zombie Nation - Kernkraft 400.mp3,.mp3,210.419,3.507,edm\Zombie Nation - Kernkraft 400.mp3
ghazhal,Best Ghazals Of All Time ｜ Chithi Na Koi Sandesh ｜ Chupke Chupke Raat Din ｜ Non Stop Gazal ｜ Gajal,Best Ghazals Of All Time ｜ Chithi Na Koi Sandesh ｜ Chupke Chupke Raat Din ｜ Non Stop Gazal ｜ Gajal.mp3,.mp3,6673.09,111.218,ghazhal\Best Ghazals Of All Time ｜ Chithi Na Koi Sandesh ｜ Chupke Chupke Raat Din ｜ Non Stop Gazal ｜ Gajal.mp3
ghazhal,Best Of Jagjit Singh ｜ Tum Ko Dekha To ｜ Tum Itna Jo Muskura Rahe Ho ｜ Audio Jukebox,Best Of Jagjit Singh ｜ Tum Ko Dekha To ｜ Tum Itna Jo Muskura Rahe Ho ｜ Audio Jukebox.mp3,.mp3,2853.593,47.56,ghazhal\Best Of Jagjit Singh ｜ Tum Ko Dekha To ｜ Tum Itna Jo Muskura Rahe Ho ｜ Audio Jukebox.mp3
ghazhal,Ghulam Ali ki Ghazalein ｜ Chupke Chupke Raat Din ｜ Kuch Din To Baso Meri Ankhon ｜ Hungama Hai Kyon,Ghulam Ali ki Ghazalein ｜ Chupke Chupke Raat Din ｜ Kuch Din To Baso Meri Ankhon ｜ Hungama Hai Kyon.mp3,.mp3,5420.489,90.341,ghazhal\Ghulam Ali ki Ghazalein ｜ Chupke Chupke Raat Din ｜ Kuch Din To Baso Meri Ankhon ｜ Hungama Hai Kyon.mp3
ghazhal,Greatest Hits Of Gulzar ｜ Aap Ki Ankhon Mein Kuch ｜ Tere Bina Zindagi ｜ Maine Tere Liye ｜ Old Hits,Greatest Hits Of Gulzar ｜ Aap Ki Ankhon Mein Kuch ｜ Tere Bina Zindagi ｜ Maine Tere Liye ｜ Old Hits.mp3,.mp3,2808.848,46.814,ghazhal\Greatest Hits Of Gulzar ｜ Aap Ki Ankhon Mein Kuch ｜ Tere Bina Zindagi ｜ Maine Tere Liye ｜ Old Hits.mp3
ghazhal,Superhit Ghazals By Pankaj Udhas ｜ Chitthi Aai Hai ｜ Halki Halki Si Baarish ｜ Pankaj Udhas Ghazals,Superhit Ghazals By Pankaj Udhas ｜ Chitthi Aai Hai ｜ Halki Halki Si Baarish ｜ Pankaj Udhas Ghazals.mp3,.mp3,5929.088,98.818,ghazhal\Superhit Ghazals By Pankaj Udhas ｜ Chitthi Aai Hai ｜ Halki Halki Si Baarish ｜ Pankaj Udhas Ghazals.mp3
hiphop,100 Million,100 Million.mp3,.mp3,192.479,3.208,hiphop\100 Million.mp3
hiphop,3 DRAGS,3 DRAGS.mp3,.mp3,167.105,2.785,hiphop\3 DRAGS.mp3
hiphop,911 Porsche,911 Porsche.mp3,.mp3,183,3.05,hiphop\911 Porsche.mp3
hiphop,Amin,Amin.mp3,.mp3,386.585,6.443,hiphop\Amin.mp3
hiphop,Astaghfirullah,Astaghfirullah.mp3,.mp3,213.333,3.556,hiphop\Astaghfirullah.mp3
hiphop,Baap Se,Baap Se.mp3,.mp3,156.038,2.601,hiphop\Baap Se.mp3
hiphop,BAAWE,BAAWE.mp3,.mp3,159.184,2.653,hiphop\BAAWE.mp3
hiphop,Baazigar,Baazigar.mp3,.mp3,169.014,2.817,hiphop\Baazigar.mp3
hiphop,Banjo,Banjo.mp3,.mp3,138,2.3,hiphop\Banjo.mp3
hiphop,Basti Ka Hasti,Basti Ka Hasti.mp3,.mp3,195.429,3.257,hiphop\Basti Ka Hasti.mp3
hiphop,Batti,Batti.mp3,.mp3,188.333,3.139,hiphop\Batti.mp3
hiphop,Big Dawgs,Big Dawgs.mp3,.mp3,190.667,3.178,hiphop\Big Dawgs.mp3
hiphop,Bitch,Bitch.mp3,.mp3,186.667,3.111,hiphop\Bitch.mp3
hiphop,Blowing Up,Blowing Up.mp3,.mp3,247.273,4.121,hiphop\Blowing Up.mp3
hiphop,Broke Is A Joke,Broke Is A Joke.mp3,.mp3,215.41,3.59,hiphop\Broke Is A Joke.mp3
hiphop,Chowk Pe,Chowk Pe.mp3,.mp3,248.961,4.149,hiphop\Chowk Pe.mp3
hiphop,City Slums,City Slums.mp3,.mp3,227.99,3.8,hiphop\City Slums.mp3
hiphop,Company,Company.mp3,.mp3,222,3.7,hiphop\Company.mp3
hiphop,Curry Verse,Curry Verse.mp3,.mp3,197.467,3.291,hiphop\Curry Verse.mp3
hiphop,Dalli,Dalli.mp3,.mp3,172,2.867,hiphop\Dalli.mp3
hiphop,Destiny - Mann Atkeya (From ＂Dhurandhar The Revenge＂),Destiny - Mann Atkeya (From ＂Dhurandhar The Revenge＂).mp3,.mp3,226.104,3.768,hiphop\Destiny - Mann Atkeya (From ＂Dhurandhar The Revenge＂).mp3
hiphop,Dream,Dream.mp3,.mp3,181.289,3.021,hiphop\Dream.mp3
hiphop,Dum Hai,Dum Hai.mp3,.mp3,216.429,3.607,hiphop\Dum Hai.mp3
hiphop,F16,F16.mp3,.mp3,209.941,3.499,hiphop\F16.mp3
hiphop,Fall Off (Interlude),Fall Off (Interlude).mp3,.mp3,121.846,2.031,hiphop\Fall Off (Interlude).mp3
hiphop,Farak,Farak.mp3,.mp3,188.348,3.139,hiphop\Farak.mp3
hiphop,Freeverse Feast,Freeverse Feast.mp3,.mp3,184.929,3.082,hiphop\Freeverse Feast.mp3
hiphop,Galat Karam,Galat Karam.mp3,.mp3,193.263,3.221,hiphop\Galat Karam.mp3
hiphop,Glass Half Full,Glass Half Full.mp3,.mp3,394.768,6.579,hiphop\Glass Half Full.mp3
hiphop,Goat Dekho,Goat Dekho.mp3,.mp3,213.793,3.563,hiphop\Goat Dekho.mp3
hiphop,Gojira,Gojira.mp3,.mp3,156.101,2.602,hiphop\Gojira.mp3
hiphop,Google Pay,Google Pay.mp3,.mp3,231.325,3.855,hiphop\Google Pay.mp3
hiphop,Gunehgar,Gunehgar.mp3,.mp3,163.404,2.723,hiphop\Gunehgar.mp3
hiphop,Haath Varthi,Haath Varthi.mp3,.mp3,149.571,2.493,hiphop\Haath Varthi.mp3
hiphop,Hola Amigo,Hola Amigo.mp3,.mp3,226.286,3.771,hiphop\Hola Amigo.mp3
hiphop,Hona Hi Tha,Hona Hi Tha.mp3,.mp3,262.765,4.379,hiphop\Hona Hi Tha.mp3
hiphop,Hood Life,Hood Life.mp3,.mp3,197.986,3.3,hiphop\Hood Life.mp3
hiphop,I Guess,I Guess.mp3,.mp3,186.087,3.101,hiphop\I Guess.mp3
hiphop,I'm Done,I'm Done.mp3,.mp3,170.847,2.847,hiphop\I'm Done.mp3
hiphop,JASHAN-E-HIP-HOP,JASHAN-E-HIP-HOP.mp3,.mp3,172.214,2.87,hiphop\JASHAN-E-HIP-HOP.mp3
hiphop,Joota Japani,Joota Japani.mp3,.mp3,155.077,2.585,hiphop\Joota Japani.mp3
hiphop,Karta Kya Hai,Karta Kya Hai.mp3,.mp3,204.096,3.402,hiphop\Karta Kya Hai.mp3
hiphop,kattey,kattey.mp3,.mp3,171.429,2.857,hiphop\kattey.mp3
hiphop,Khatta Flow,Khatta Flow.mp3,.mp3,152.415,2.54,hiphop\Khatta Flow.mp3
hiphop,Khoya Sab,Khoya Sab.mp3,.mp3,255.957,4.266,hiphop\Khoya Sab.mp3
hiphop,KKBN,KKBN.mp3,.mp3,172.364,2.873,hiphop\KKBN.mp3
hiphop,Knock Knock,Knock Knock.mp3,.mp3,206.829,3.447,hiphop\Knock Knock.mp3
hiphop,KODAK,KODAK.mp3,.mp3,363.203,6.053,hiphop\KODAK.mp3
hiphop,Kohinoor,Kohinoor.mp3,.mp3,198.857,3.314,hiphop\Kohinoor.mp3
hiphop,KR$NA - NEVER ENOUGH ｜ PROD. PHENOM ｜ OFFICIAL VISUALISER,KR$NA - NEVER ENOUGH ｜ PROD. PHENOM ｜ OFFICIAL VISUALISER.mp3,.mp3,174.01,2.9,hiphop\KR$NA - NEVER ENOUGH ｜ PROD. PHENOM ｜ OFFICIAL VISUALISER.mp3
hiphop,KR$NA Ft. French The Kid - 10 PE 10 ｜ Official Music Video ｜ (Indian Drill) 🇮🇳🇬🇧,KR$NA Ft. French The Kid - 10 PE 10 ｜ Official Music Video ｜ (Indian Drill) 🇮🇳🇬🇧.mp3,.mp3,189.521,3.159,hiphop\KR$NA Ft. French The Kid - 10 PE 10 ｜ Official Music Video ｜ (Indian Drill) 🇮🇳🇬🇧.mp3
hiphop,Luka Chippi,Luka Chippi.mp3,.mp3,141.569,2.359,hiphop\Luka Chippi.mp3
hiphop,Machayenge 4,Machayenge 4.mp3,.mp3,398.75,6.646,hiphop\Machayenge 4.mp3
hiphop,Naam Sujal - It's About Time feat. Siyaahi & Dhanji (Official Visualiser) ｜ Def Jam India,Naam Sujal - It's About Time feat. Siyaahi & Dhanji (Official Visualiser) ｜ Def Jam India.mp3,.mp3,259.019,4.317,hiphop\Naam Sujal - It's About Time feat. Siyaahi & Dhanji (Official Visualiser) ｜ Def Jam India.mp3
hiphop,Naksha,Naksha.mp3,.mp3,206.4,3.44,hiphop\Naksha.mp3
hiphop,Namastute,Namastute.mp3,.mp3,120.188,2.003,hiphop\Namastute.mp3
hiphop,NAMUNA,NAMUNA.mp3,.mp3,107.535,1.792,hiphop\NAMUNA.mp3
hiphop,Nanchaku,Nanchaku.mp3,.mp3,193.116,3.219,hiphop\Nanchaku.mp3
hiphop,Natkhat,Natkhat.mp3,.mp3,192,3.2,hiphop\Natkhat.mp3
hiphop,Nawazuddin,Nawazuddin.mp3,.mp3,192,3.2,hiphop\Nawazuddin.mp3
hiphop,NGL,NGL.mp3,.mp3,240,4,hiphop\NGL.mp3
hiphop,Nothing to Prove,Nothing to Prove.mp3,.mp3,200.471,3.341,hiphop\Nothing to Prove.mp3
hiphop,Numb,Numb.mp3,.mp3,165.246,2.754,hiphop\Numb.mp3
hiphop,Nusta Paisa,Nusta Paisa.mp3,.mp3,220,3.667,hiphop\Nusta Paisa.mp3
hiphop,OK Report,OK Report.mp3,.mp3,141.795,2.363,hiphop\OK Report.mp3
hiphop,One Day Uh Gonna Pay,One Day Uh Gonna Pay.mp3,.mp3,254.364,4.239,hiphop\One Day Uh Gonna Pay.mp3
hiphop,One Side,One Side.mp3,.mp3,161.839,2.697,hiphop\One Side.mp3
hiphop,Pickup,Pickup.mp3,.mp3,164.575,2.743,hiphop\Pickup.mp3
hiphop,Punya Paap,Punya Paap.mp3,.mp3,180.558,3.009,hiphop\Punya Paap.mp3
hiphop,PYAAR？,PYAAR？.mp3,.mp3,205.714,3.429,hiphop\PYAAR？.mp3
hiphop,RAASHAH,RAASHAH.mp3,.mp3,220.801,3.68,hiphop\RAASHAH.mp3
hiphop,Rehmani Keeda,Rehmani Keeda.mp3,.mp3,245.427,4.09,hiphop\Rehmani Keeda.mp3
hiphop,rocket,rocket.mp3,.mp3,221.887,3.698,hiphop\rocket.mp3
hiphop,Run It Up,Run It Up.mp3,.mp3,173.502,2.892,hiphop\Run It Up.mp3
hiphop,Satya,Satya.mp3,.mp3,182.64,3.044,hiphop\Satya.mp3
hiphop,Say My Name,Say My Name.mp3,.mp3,162.52,2.709,hiphop\Say My Name.mp3
hiphop,Sensitive,Sensitive.mp3,.mp3,224,3.733,hiphop\Sensitive.mp3
hiphop,Shakti Aur Kshama,Shakti Aur Kshama.mp3,.mp3,255.255,4.254,hiphop\Shakti Aur Kshama.mp3
hiphop,Shana Bann,Shana Bann.mp3,.mp3,228.113,3.802,hiphop\Shana Bann.mp3
hiphop,Shit Dawg,Shit Dawg.mp3,.mp3,189.783,3.163,hiphop\Shit Dawg.mp3
hiphop,SHUTDOWN,SHUTDOWN.mp3,.mp3,116.308,1.938,hiphop\SHUTDOWN.mp3
hiphop,SRK,SRK.mp3,.mp3,177.231,2.954,hiphop\SRK.mp3
hiphop,Stay Away,Stay Away.mp3,.mp3,173.196,2.887,hiphop\Stay Away.mp3
hiphop,Swah!,Swah!.mp3,.mp3,284.014,4.734,hiphop\Swah!.mp3
hiphop,Tadipaar,Tadipaar.mp3,.mp3,466.286,7.771,hiphop\Tadipaar.mp3
hiphop,Talk My Shit⧸Guarantee,Talk My Shit⧸Guarantee.mp3,.mp3,238.75,3.979,hiphop\Talk My Shit⧸Guarantee.mp3
hiphop,Teesri Manzil,Teesri Manzil.mp3,.mp3,205.88,3.431,hiphop\Teesri Manzil.mp3
hiphop,The Key - Freestyle,The Key - Freestyle.mp3,.mp3,101.333,1.689,hiphop\The Key - Freestyle.mp3
hiphop,TT,TT.mp3,.mp3,237.014,3.95,hiphop\TT.mp3
hiphop,Ulte Karam,Ulte Karam.mp3,.mp3,178.378,2.973,hiphop\Ulte Karam.mp3
hiphop,"Umair, Talha Anjum & CALM - Nevermind (Official Audio)","Umair, Talha Anjum & CALM - Nevermind (Official Audio).mp3",.mp3,170.643,2.844,"hiphop\Umair, Talha Anjum & CALM - Nevermind (Official Audio).mp3"
hiphop,Untitled,Untitled.mp3,.mp3,151.385,2.523,hiphop\Untitled.mp3
hiphop,Upar Hi Upar,Upar Hi Upar.mp3,.mp3,183.891,3.065,hiphop\Upar Hi Upar.mp3
hiphop,"Villain (feat. Karma, Ikka)","Villain (feat. Karma, Ikka).mp3",.mp3,218.4,3.64,"hiphop\Villain (feat. Karma, Ikka).mp3"
hiphop,W,W.mp3,.mp3,143.108,2.385,hiphop\W.mp3
hiphop,Wanna Know,Wanna Know.mp3,.mp3,205.895,3.432,hiphop\Wanna Know.mp3
hiphop,WARCRY,WARCRY.mp3,.mp3,300.923,5.015,hiphop\WARCRY.mp3
hiphop,What's Up,What's Up.mp3,.mp3,189.002,3.15,hiphop\What's Up.mp3
hiphop,Woh Raat,Woh Raat.mp3,.mp3,192.676,3.211,hiphop\Woh Raat.mp3
hiphop,Zero After Zero,Zero After Zero.mp3,.mp3,174.942,2.916,hiphop\Zero After Zero.mp3
indian_indie,[New Hindi Song] Taba Chake - Khud Ko Miloon (Official Music Video),[New Hindi Song] Taba Chake - Khud Ko Miloon (Official Music Video).mp3,.mp3,239.978,4,indian_indie\[New Hindi Song] Taba Chake - Khud Ko Miloon (Official Music Video).mp3
indian_indie,Aadhey Adhoorey - Aashir Wajahat ｜ Gini (Official Video),Aadhey Adhoorey - Aashir Wajahat ｜ Gini (Official Video).mp3,.mp3,173.14,2.886,indian_indie\Aadhey Adhoorey - Aashir Wajahat ｜ Gini (Official Video).mp3
indian_indie,Aao Na,Aao Na.mp3,.mp3,340.836,5.681,indian_indie\Aao Na.mp3
indian_indie,Aas (Music Video) ｜ Divyam Sodhi ｜ Khwaab,Aas (Music Video) ｜ Divyam Sodhi ｜ Khwaab.mp3,.mp3,247.211,4.12,indian_indie\Aas (Music Video) ｜ Divyam Sodhi ｜ Khwaab.mp3
indian_indie,Ab Main Kya Karun ｜ Official Performance Video ｜ Last Minute India,Ab Main Kya Karun ｜ Official Performance Video ｜ Last Minute India.mp3,.mp3,226.766,3.779,indian_indie\Ab Main Kya Karun ｜ Official Performance Video ｜ Last Minute India.mp3
indian_indie,"Adhoora (Official Video) - Aanchal Tyagi, Madhur Sharma ｜ IndieA Records","Adhoora (Official Video) - Aanchal Tyagi, Madhur Sharma ｜ IndieA Records.mp3",.mp3,234.731,3.912,"indian_indie\Adhoora (Official Video) - Aanchal Tyagi, Madhur Sharma ｜ IndieA Records.mp3"
indian_indie,Aditya Rikhari - Paro (UNPLG'd),Aditya Rikhari - Paro (UNPLG'd).mp3,.mp3,70.356,1.173,indian_indie\Aditya Rikhari - Paro (UNPLG'd).mp3
indian_indie,Aditya Rikhari - SAMJHO NA ( NASAMAJH ),Aditya Rikhari - SAMJHO NA ( NASAMAJH ).mp3,.mp3,169.889,2.831,indian_indie\Aditya Rikhari - SAMJHO NA ( NASAMAJH ).mp3
indian_indie,Aditya Rikhari - Tinka (Official Music Video) ft. Mugdha Agarwal,Aditya Rikhari - Tinka (Official Music Video) ft. Mugdha Agarwal.mp3,.mp3,206.054,3.434,indian_indie\Aditya Rikhari - Tinka (Official Music Video) ft. Mugdha Agarwal.mp3
indian_indie,Akshath - Nadaaniyan (Official Video) Aisha Ahmed,Akshath - Nadaaniyan (Official Video) Aisha Ahmed.mp3,.mp3,169.099,2.818,indian_indie\Akshath - Nadaaniyan (Official Video) Aisha Ahmed.mp3
indian_indie,Akshath - Rozaana (Official Visualizer),Akshath - Rozaana (Official Visualizer).mp3,.mp3,191.379,3.19,indian_indie\Akshath - Rozaana (Official Visualizer).mp3
indian_indie,Akshath - Sitaara (Official Music Video),Akshath - Sitaara (Official Music Video).mp3,.mp3,182.404,3.04,indian_indie\Akshath - Sitaara (Official Music Video).mp3
indian_indie,Akshath - Tu Hai Kya (Official Video),Akshath - Tu Hai Kya (Official Video).mp3,.mp3,189.161,3.153,indian_indie\Akshath - Tu Hai Kya (Official Video).mp3
indian_indie,Alfaazo,Alfaazo.mp3,.mp3,158.448,2.641,indian_indie\Alfaazo.mp3
indian_indie,"Ankur Tewari, Kausar Munir - Chand Takiye ｜ Official Music Video","Ankur Tewari, Kausar Munir - Chand Takiye ｜ Official Music Video.mp3",.mp3,170.88,2.848,"indian_indie\Ankur Tewari, Kausar Munir - Chand Takiye ｜ Official Music Video.mp3"
indian_indie,Anuv Jain - HUSN (Official Video),Anuv Jain - HUSN (Official Video).mp3,.mp3,239.409,3.99,indian_indie\Anuv Jain - HUSN (Official Video).mp3
indian_indie,Anuv Jain - INAAM (Official Music Video),Anuv Jain - INAAM (Official Music Video).mp3,.mp3,270.803,4.513,indian_indie\Anuv Jain - INAAM (Official Music Video).mp3
indian_indie,Anuv Jain - JO TUM MERE HO (Official Video),Anuv Jain - JO TUM MERE HO (Official Video).mp3,.mp3,257.533,4.292,indian_indie\Anuv Jain - JO TUM MERE HO (Official Video).mp3
indian_indie,Anuv Jain - MAZAAK (Official Video),Anuv Jain - MAZAAK (Official Video).mp3,.mp3,233.001,3.883,indian_indie\Anuv Jain - MAZAAK (Official Video).mp3
indian_indie,Anuv Jain X Lost Stories - Arz Kiya Hai (Official Video) ｜ Coke Studio Bharat,Anuv Jain X Lost Stories - Arz Kiya Hai (Official Video) ｜ Coke Studio Bharat.mp3,.mp3,305.122,5.085,indian_indie\Anuv Jain X Lost Stories - Arz Kiya Hai (Official Video) ｜ Coke Studio Bharat.mp3
indian_indie,Baat Itni Si Hai,Baat Itni Si Hai.mp3,.mp3,247.402,4.123,indian_indie\Baat Itni Si Hai.mp3
indian_indie,Baaton Baaton Main (Official Video) Shashwat Sachdev ft. Anumita Nadesan ｜ New Song 2022,Baaton Baaton Main (Official Video) Shashwat Sachdev ft. Anumita Nadesan ｜ New Song 2022.mp3,.mp3,273.136,4.552,indian_indie\Baaton Baaton Main (Official Video) Shashwat Sachdev ft. Anumita Nadesan ｜ New Song 2022.mp3
indian_indie,Baawra (Official Video) ： Kushagra ｜ Tanishka Bahl ｜ UR Debut ｜ New Songs,Baawra (Official Video) ： Kushagra ｜ Tanishka Bahl ｜ UR Debut ｜ New Songs.mp3,.mp3,275.006,4.583,indian_indie\Baawra (Official Video) ： Kushagra ｜ Tanishka Bahl ｜ UR Debut ｜ New Songs.mp3
indian_indie,Behtar ｜ Hansika Pareek ｜ @AnuragMishramusic  ｜ @AdityaBishtMusicOfficial (Official Music Video),Behtar ｜ Hansika Pareek ｜ @AnuragMishramusic  ｜ @AdityaBishtMusicOfficial (Official Music Video).mp3,.mp3,174.933,2.916,indian_indie\Behtar ｜ Hansika Pareek ｜ @AnuragMishramusic  ｜ @AdityaBishtMusicOfficial (Official Music Video).mp3
indian_indie,Bewaqt - Khatth (Official Music Video),Bewaqt - Khatth (Official Music Video).mp3,.mp3,194.68,3.245,indian_indie\Bewaqt - Khatth (Official Music Video).mp3
indian_indie,Bombay the Artist - Naina (Official Music Video),Bombay the Artist - Naina (Official Music Video).mp3,.mp3,155.69,2.595,indian_indie\Bombay the Artist - Naina (Official Music Video).mp3
indian_indie,"Chaand Aawara - Swanand Kirkire, Shrey Gupta, Khwaab","Chaand Aawara - Swanand Kirkire, Shrey Gupta, Khwaab.mp3",.mp3,257.493,4.292,"indian_indie\Chaand Aawara - Swanand Kirkire, Shrey Gupta, Khwaab.mp3"
indian_indie,Chaand Baaliyan - Aditya A. (Official Video),Chaand Baaliyan - Aditya A. (Official Video).mp3,.mp3,103.213,1.72,indian_indie\Chaand Baaliyan - Aditya A. (Official Video).mp3
indian_indie,"Chaar Diwaari ft. Indian Ocean, Gini - Aashiqana ｜ Parvana EP ｜ Def Jam India","Chaar Diwaari ft. Indian Ocean, Gini - Aashiqana ｜ Parvana EP ｜ Def Jam India.mp3",.mp3,403.586,6.726,"indian_indie\Chaar Diwaari ft. Indian Ocean, Gini - Aashiqana ｜ Parvana EP ｜ Def Jam India.mp3"
indian_indie,Chalo Door Kahin (Official Video) - Samar Jafri,Chalo Door Kahin (Official Video) - Samar Jafri.mp3,.mp3,164.49,2.742,indian_indie\Chalo Door Kahin (Official Video) - Samar Jafri.mp3
indian_indie,Daira (Official Music Video) ： Sanjeeta Bhattacharya,Daira (Official Music Video) ： Sanjeeta Bhattacharya.mp3,.mp3,184.134,3.069,indian_indie\Daira (Official Music Video) ： Sanjeeta Bhattacharya.mp3
indian_indie,Dekha Hi Nahi,Dekha Hi Nahi.mp3,.mp3,221.058,3.684,indian_indie\Dekha Hi Nahi.mp3
indian_indie,Dikshant - Aankhon Se Batana (Official Video),Dikshant - Aankhon Se Batana (Official Video).mp3,.mp3,240.001,4,indian_indie\Dikshant - Aankhon Se Batana (Official Video).mp3
indian_indie,Dil Besabar,Dil Besabar.mp3,.mp3,181.364,3.023,indian_indie\Dil Besabar.mp3
indian_indie,Dream Note - Sab Sahi (Official Music Video) ｜ Hindi Indie Travel Song,Dream Note - Sab Sahi (Official Music Video) ｜ Hindi Indie Travel Song.mp3,.mp3,202.884,3.381,indian_indie\Dream Note - Sab Sahi (Official Music Video) ｜ Hindi Indie Travel Song.mp3
indian_indie,Facts by Rahgir,Facts by Rahgir.mp3,.mp3,187.281,3.121,indian_indie\Facts by Rahgir.mp3
indian_indie,Finding Her (Jana Mere Sawalon Ka Manzar Tu) ： Kushagra ｜ Vanshika ｜ Bharath ｜ Karan Maini ｜UR Debut,Finding Her (Jana Mere Sawalon Ka Manzar Tu) ： Kushagra ｜ Vanshika ｜ Bharath ｜ Karan Maini ｜UR Debut.mp3,.mp3,212.846,3.547,indian_indie\Finding Her (Jana Mere Sawalon Ka Manzar Tu) ： Kushagra ｜ Vanshika ｜ Bharath ｜ Karan Maini ｜UR Debut.mp3
indian_indie,Gayenge Hum Tere Hi Liye,Gayenge Hum Tere Hi Liye.mp3,.mp3,265.408,4.423,indian_indie\Gayenge Hum Tere Hi Liye.mp3
indian_indie,gini - Feeka ｜ Official Music Video,gini - Feeka ｜ Official Music Video.mp3,.mp3,190.845,3.181,indian_indie\gini - Feeka ｜ Official Music Video.mp3
indian_indie,"Iqlipse Nova, Anubha Bajaj - Savera (Lyrics)","Iqlipse Nova, Anubha Bajaj - Savera (Lyrics).mp3",.mp3,143.523,2.392,"indian_indie\Iqlipse Nova, Anubha Bajaj - Savera (Lyrics).mp3"
indian_indie,Ishq (From ＂Lost;Found＂),Ishq (From ＂Lost;Found＂).mp3,.mp3,228.64,3.811,indian_indie\Ishq (From ＂Lost;Found＂).mp3
indian_indie,It's You,It's You.mp3,.mp3,162.162,2.703,indian_indie\It's You.mp3
indian_indie,Jaadugari - Maahi ｜ Official Music Video ｜ Saregama Originals,Jaadugari - Maahi ｜ Official Music Video ｜ Saregama Originals.mp3,.mp3,219.289,3.655,indian_indie\Jaadugari - Maahi ｜ Official Music Video ｜ Saregama Originals.mp3
indian_indie,Janisht Joshi & gini - Ab Na Laut Paayenge (Offical Music Video),Janisht Joshi & gini - Ab Na Laut Paayenge (Offical Music Video).mp3,.mp3,206.805,3.447,indian_indie\Janisht Joshi & gini - Ab Na Laut Paayenge (Offical Music Video).mp3
indian_indie,"Janisht Joshi, Phosphenes - Parchhaiyan (Official Music Video)","Janisht Joshi, Phosphenes - Parchhaiyan (Official Music Video).mp3",.mp3,313.005,5.217,"indian_indie\Janisht Joshi, Phosphenes - Parchhaiyan (Official Music Video).mp3"
indian_indie,Jee Le,Jee Le.mp3,.mp3,213.725,3.562,indian_indie\Jee Le.mp3
indian_indie,Justh - Chor (Official Music Video),Justh - Chor (Official Music Video).mp3,.mp3,212.486,3.541,indian_indie\Justh - Chor (Official Music Video).mp3
indian_indie,Justh - Unse Jaake Kehdo (Official Music Video),Justh - Unse Jaake Kehdo (Official Music Video).mp3,.mp3,182.544,3.042,indian_indie\Justh - Unse Jaake Kehdo (Official Music Video).mp3
indian_indie,Kabhi Mein Kabhi Tum by AUR ｜ کبھی میں کبھی تم (Official Music Video),Kabhi Mein Kabhi Tum by AUR ｜ کبھی میں کبھی تم (Official Music Video).mp3,.mp3,230.655,3.844,indian_indie\Kabhi Mein Kabhi Tum by AUR ｜ کبھی میں کبھی تم (Official Music Video).mp3
indian_indie,Kahe Kahe - The Yellow Diary ｜ Official Music Video,Kahe Kahe - The Yellow Diary ｜ Official Music Video.mp3,.mp3,174.01,2.9,indian_indie\Kahe Kahe - The Yellow Diary ｜ Official Music Video.mp3
indian_indie,Kaifi Khalil - Jurmana [Official Music Video],Kaifi Khalil - Jurmana [Official Music Video].mp3,.mp3,173.476,2.891,indian_indie\Kaifi Khalil - Jurmana [Official Music Video].mp3
indian_indie,"Khamakha (Official Lyric Video) - Akash Kaushal, Bharath","Khamakha (Official Lyric Video) - Akash Kaushal, Bharath.mp3",.mp3,247.701,4.128,"indian_indie\Khamakha (Official Lyric Video) - Akash Kaushal, Bharath.mp3"
indian_indie,Khoya Khoya,Khoya Khoya.mp3,.mp3,211.496,3.525,indian_indie\Khoya Khoya.mp3
indian_indie,Kohinoor,Kohinoor.mp3,.mp3,161.337,2.689,indian_indie\Kohinoor.mp3
indian_indie,Kya Ho Agar,Kya Ho Agar.mp3,.mp3,240,4,indian_indie\Kya Ho Agar.mp3
indian_indie,Lucky Ali - Dil Gaye Ja ｜ Official Music Video ｜ Music By Mikey McCleary,Lucky Ali - Dil Gaye Ja ｜ Official Music Video ｜ Music By Mikey McCleary.mp3,.mp3,232.13,3.869,indian_indie\Lucky Ali - Dil Gaye Ja ｜ Official Music Video ｜ Music By Mikey McCleary.mp3
indian_indie,Lucky Ali ｜ sayyāh ｜ Official Music Video (Ft. Music by Mikey McCleary),Lucky Ali ｜ sayyāh ｜ Official Music Video (Ft. Music by Mikey McCleary).mp3,.mp3,273.218,4.554,indian_indie\Lucky Ali ｜ sayyāh ｜ Official Music Video (Ft. Music by Mikey McCleary).mp3
indian_indie,"Meri Jaan..Swanand Kirkire, Hansika Pareek, Shrey Gupta, Bharath","Meri Jaan..Swanand Kirkire, Hansika Pareek, Shrey Gupta, Bharath.mp3",.mp3,185.69,3.095,"indian_indie\Meri Jaan..Swanand Kirkire, Hansika Pareek, Shrey Gupta, Bharath.mp3"
indian_indie,MITRAZ - O Re Saavan (Official Video),MITRAZ - O Re Saavan (Official Video).mp3,.mp3,164.177,2.736,indian_indie\MITRAZ - O Re Saavan (Official Video).mp3
indian_indie,Naalayak - 3 AM Thoughts (From MARAMMAT) ｜ Official Music Video,Naalayak - 3 AM Thoughts (From MARAMMAT) ｜ Official Music Video.mp3,.mp3,283.283,4.721,indian_indie\Naalayak - 3 AM Thoughts (From MARAMMAT) ｜ Official Music Video.mp3
indian_indie,NaQabil (Bonus Track) ｜ Lyric Video ｜ KhoslaRaghu ｜ Aawara EP 2025,NaQabil (Bonus Track) ｜ Lyric Video ｜ KhoslaRaghu ｜ Aawara EP 2025.mp3,.mp3,217.234,3.621,indian_indie\NaQabil (Bonus Track) ｜ Lyric Video ｜ KhoslaRaghu ｜ Aawara EP 2025.mp3
indian_indie,Nazaare (Official Music Video) ｜ KhoslaRaghu ｜ 2024 ｜ Travel Song,Nazaare (Official Music Video) ｜ KhoslaRaghu ｜ 2024 ｜ Travel Song.mp3,.mp3,204.779,3.413,indian_indie\Nazaare (Official Music Video) ｜ KhoslaRaghu ｜ 2024 ｜ Travel Song.mp3
indian_indie,"Noor, Khan, Madhurxo - Aarzu (Official Music Video)","Noor, Khan, Madhurxo - Aarzu (Official Music Video).mp3",.mp3,226.383,3.773,"indian_indie\Noor, Khan, Madhurxo - Aarzu (Official Music Video).mp3"
indian_indie,O Meena - Inayat,O Meena - Inayat.mp3,.mp3,215.765,3.596,indian_indie\O Meena - Inayat.mp3
indian_indie,OutStation - Tum Se (Official Music Video),OutStation - Tum Se (Official Music Video).mp3,.mp3,300.606,5.01,indian_indie\OutStation - Tum Se (Official Music Video).mp3
indian_indie,Patang (From ＂UR Debut＂),Patang (From ＂UR Debut＂).mp3,.mp3,178.222,2.97,indian_indie\Patang (From ＂UR Debut＂).mp3
indian_indie,Piya,Piya.mp3,.mp3,141.716,2.362,indian_indie\Piya.mp3
indian_indie,Prateek Kuhad - Kuch Din (Official Lyric Video),Prateek Kuhad - Kuch Din (Official Lyric Video).mp3,.mp3,174.974,2.916,indian_indie\Prateek Kuhad - Kuch Din (Official Lyric Video).mp3
indian_indie,Prateek Kuhad - Mulaqat (Official Music Video) ｜ Tara Sutaria,Prateek Kuhad - Mulaqat (Official Music Video) ｜ Tara Sutaria.mp3,.mp3,255.176,4.253,indian_indie\Prateek Kuhad - Mulaqat (Official Music Video) ｜ Tara Sutaria.mp3
indian_indie,Roz Roz (Official) - The Yellow Diary ft. Shilpa Rao ｜ Isha Talwar ｜ Arjun Menon ｜Romantic Song 2021,Roz Roz (Official) - The Yellow Diary ft. Shilpa Rao ｜ Isha Talwar ｜ Arjun Menon ｜Romantic Song 2021.mp3,.mp3,182.335,3.039,indian_indie\Roz Roz (Official) - The Yellow Diary ft. Shilpa Rao ｜ Isha Talwar ｜ Arjun Menon ｜Romantic Song 2021.mp3
indian_indie,Saahel - Baarish Mein Phir (Official Music Video),Saahel - Baarish Mein Phir (Official Music Video).mp3,.mp3,176.971,2.95,indian_indie\Saahel - Baarish Mein Phir (Official Music Video).mp3
indian_indie,Saahel - Tujhi Mein (Official Music Video),Saahel - Tujhi Mein (Official Music Video).mp3,.mp3,183.893,3.065,indian_indie\Saahel - Tujhi Mein (Official Music Video).mp3
indian_indie,SAATH TERE ( OFFICIAL VIDEO) ｜ Sukriti Kakar ｜ Prakriti Kakar ｜ Abhijay Sharma ｜ SUPRA Originals,SAATH TERE ( OFFICIAL VIDEO) ｜ Sukriti Kakar ｜ Prakriti Kakar ｜ Abhijay Sharma ｜ SUPRA Originals.mp3,.mp3,188.032,3.134,indian_indie\SAATH TERE ( OFFICIAL VIDEO) ｜ Sukriti Kakar ｜ Prakriti Kakar ｜ Abhijay Sharma ｜ SUPRA Originals.mp3
indian_indie,Sabar - Kamakshi Khanna (Official Music Video),Sabar - Kamakshi Khanna (Official Music Video).mp3,.mp3,207.087,3.451,indian_indie\Sabar - Kamakshi Khanna (Official Music Video).mp3
indian_indie,"Sahiba (Official Music Video) ： Aditya Rikhari, Ankita Chhetri ｜ T-Series","Sahiba (Official Music Video) ： Aditya Rikhari, Ankita Chhetri ｜ T-Series.mp3",.mp3,183.043,3.051,"indian_indie\Sahiba (Official Music Video) ： Aditya Rikhari, Ankita Chhetri ｜ T-Series.mp3"
indian_indie,Salman Elahi - Mukhatib (Official Music Video),Salman Elahi - Mukhatib (Official Music Video).mp3,.mp3,236.437,3.941,indian_indie\Salman Elahi - Mukhatib (Official Music Video).mp3
indian_indie,Saza ｜ Lisa Mishra (Official Music Video),Saza ｜ Lisa Mishra (Official Music Video).mp3,.mp3,206.042,3.434,indian_indie\Saza ｜ Lisa Mishra (Official Music Video).mp3
indian_indie,Shakkar ｜ Shakkarpari Ft. Bela Fleck - Hindi ｜ Raghu Dixit ｜ Neeraj Rajawat ｜,Shakkar ｜ Shakkarpari Ft. Bela Fleck - Hindi ｜ Raghu Dixit ｜ Neeraj Rajawat ｜.mp3,.mp3,408.509,6.808,indian_indie\Shakkar ｜ Shakkarpari Ft. Bela Fleck - Hindi ｜ Raghu Dixit ｜ Neeraj Rajawat ｜.mp3
indian_indie,Shor - Gul  (Lyrics Video )｜ Swanand Kirkire ｜ Ujjwal Kashyap ｜,Shor - Gul  (Lyrics Video )｜ Swanand Kirkire ｜ Ujjwal Kashyap ｜.mp3,.mp3,164.288,2.738,indian_indie\Shor - Gul  (Lyrics Video )｜ Swanand Kirkire ｜ Ujjwal Kashyap ｜.mp3
indian_indie,Shravan Sridhar - Seh Loon ft. Raghav Kaushik [Official Music Video],Shravan Sridhar - Seh Loon ft. Raghav Kaushik [Official Music Video].mp3,.mp3,237.653,3.961,indian_indie\Shravan Sridhar - Seh Loon ft. Raghav Kaushik [Official Music Video].mp3
indian_indie,Sunday - Aditya A ｜ Naalayak ｜ Ronit Vinta,Sunday - Aditya A ｜ Naalayak ｜ Ronit Vinta.mp3,.mp3,143.569,2.393,indian_indie\Sunday - Aditya A ｜ Naalayak ｜ Ronit Vinta.mp3
indian_indie,Suzonn - Adhure Hum (Official Music Video),Suzonn - Adhure Hum (Official Music Video).mp3,.mp3,215.249,3.587,indian_indie\Suzonn - Adhure Hum (Official Music Video).mp3
indian_indie,Suzonn - Dil Qaabu Mein (Official Music Video),Suzonn - Dil Qaabu Mein (Official Music Video).mp3,.mp3,211.963,3.533,indian_indie\Suzonn - Dil Qaabu Mein (Official Music Video).mp3
indian_indie,Tera Naam - Anmol A @MITRAZ,Tera Naam - Anmol A @MITRAZ.mp3,.mp3,166.801,2.78,indian_indie\Tera Naam - Anmol A @MITRAZ.mp3
indian_indie,The Yellow Diary ft. @lisamishramusic - Tere Siva Re (Official Music Video) - In Case We Forget,The Yellow Diary ft. @lisamishramusic - Tere Siva Re (Official Music Video) - In Case We Forget.mp3,.mp3,219.417,3.657,indian_indie\The Yellow Diary ft. @lisamishramusic - Tere Siva Re (Official Music Video) - In Case We Forget.mp3
indian_indie,The Yellow Diary ft. @ShilpaRaoLive - Saaye (Official Music Video) - In Case We Forget,The Yellow Diary ft. @ShilpaRaoLive - Saaye (Official Music Video) - In Case We Forget.mp3,.mp3,248.361,4.139,indian_indie\The Yellow Diary ft. @ShilpaRaoLive - Saaye (Official Music Video) - In Case We Forget.mp3
indian_indie,Tootay - Ankur Tewari ｜ Official Music Video ｜ Artist Originals,Tootay - Ankur Tewari ｜ Official Music Video ｜ Artist Originals.mp3,.mp3,290.048,4.834,indian_indie\Tootay - Ankur Tewari ｜ Official Music Video ｜ Artist Originals.mp3
indian_indie,"Tu Hai Kahaan ｜ Do Aur Do Pyaar ｜ Vidya Balan, Pratik Gandhi ｜ The Local Train ft. Lucky Ali","Tu Hai Kahaan ｜ Do Aur Do Pyaar ｜ Vidya Balan, Pratik Gandhi ｜ The Local Train ft. Lucky Ali.mp3",.mp3,110.469,1.841,"indian_indie\Tu Hai Kahaan ｜ Do Aur Do Pyaar ｜ Vidya Balan, Pratik Gandhi ｜ The Local Train ft. Lucky Ali.mp3"
indian_indie,Tu Hai Kahan by AUR ｜ تو ہے کہاں feat. ZAYN (Official Music Video),Tu Hai Kahan by AUR ｜ تو ہے کہاں feat. ZAYN (Official Music Video).mp3,.mp3,265.892,4.432,indian_indie\Tu Hai Kahan by AUR ｜ تو ہے کہاں feat. ZAYN (Official Music Video).mp3
indian_indie,Tu Hai Kahan,Tu Hai Kahan.mp3,.mp3,242.714,4.045,indian_indie\Tu Hai Kahan.mp3
indian_indie,Tu Jaane Hai Kahan,Tu Jaane Hai Kahan.mp3,.mp3,246.044,4.101,indian_indie\Tu Jaane Hai Kahan.mp3
indian_indie,"Tu Mila (Official Music Video) - Anubha Bajaj, Akshath","Tu Mila (Official Music Video) - Anubha Bajaj, Akshath.mp3",.mp3,144.213,2.404,"indian_indie\Tu Mila (Official Music Video) - Anubha Bajaj, Akshath.mp3"
indian_indie,TUM (Official Music Video) ｜ Raghav Kaushik ｜ Amrita Saluja ｜ feat. Kaveri Seth & Danesh Razvi,TUM (Official Music Video) ｜ Raghav Kaushik ｜ Amrita Saluja ｜ feat. Kaveri Seth & Danesh Razvi.mp3,.mp3,254.247,4.237,indian_indie\TUM (Official Music Video) ｜ Raghav Kaushik ｜ Amrita Saluja ｜ feat. Kaveri Seth & Danesh Razvi.mp3
indian_indie,Tum Ho Toh - Official Music Video ｜ Iqlipse Nova ｜ Prakriti Kakar,Tum Ho Toh - Official Music Video ｜ Iqlipse Nova ｜ Prakriti Kakar.mp3,.mp3,187.966,3.133,indian_indie\Tum Ho Toh - Official Music Video ｜ Iqlipse Nova ｜ Prakriti Kakar.mp3
indian_indie,Udi Udi,Udi Udi.mp3,.mp3,161.25,2.688,indian_indie\Udi Udi.mp3
indian_indie,Yawar Abdal - Dil Se (Official Music Video),Yawar Abdal - Dil Se (Official Music Video).mp3,.mp3,326.821,5.447,indian_indie\Yawar Abdal - Dil Se (Official Music Video).mp3
indian_indie,Yawar Abdal - Intehaa,Yawar Abdal - Intehaa.mp3,.mp3,316.129,5.269,indian_indie\Yawar Abdal - Intehaa.mp3
indian_indie,Yeh Naazuk Se Rishtey (Official Music Video) ｜ Snehdeep Singh Kalsi,Yeh Naazuk Se Rishtey (Official Music Video) ｜ Snehdeep Singh Kalsi.mp3,.mp3,229.611,3.827,indian_indie\Yeh Naazuk Se Rishtey (Official Music Video) ｜ Snehdeep Singh Kalsi.mp3
indian_indie,Zaeden - Raaz (Official Music Video),Zaeden - Raaz (Official Music Video).mp3,.mp3,187.257,3.121,indian_indie\Zaeden - Raaz (Official Music Video).mp3
indian_indie,‘PREMIKA’ (Official Music Video) ： AAYU,‘PREMIKA’ (Official Music Video) ： AAYU.mp3,.mp3,273.009,4.55,indian_indie\‘PREMIKA’ (Official Music Video) ： AAYU.mp3
punjabi,295 (Official Audio) ｜ Sidhu Moose Wala ｜ The Kidd ｜ Moosetape,295 (Official Audio) ｜ Sidhu Moose Wala ｜ The Kidd ｜ Moosetape.mp3,.mp3,272.788,4.546,punjabi\295 (Official Audio) ｜ Sidhu Moose Wala ｜ The Kidd ｜ Moosetape.mp3
punjabi,8 Parche ｜ Baani Sandhu ｜ Gur Sidhu ｜ Gurneet Dosanjh ｜ Punjabi Song ｜ Ishtar Punjabi #punjabisong,8 Parche ｜ Baani Sandhu ｜ Gur Sidhu ｜ Gurneet Dosanjh ｜ Punjabi Song ｜ Ishtar Punjabi #punjabisong.mp3,.mp3,226.406,3.773,punjabi\8 Parche ｜ Baani Sandhu ｜ Gur Sidhu ｜ Gurneet Dosanjh ｜ Punjabi Song ｜ Ishtar Punjabi #punjabisong.mp3
punjabi,8 Raflaan ： Mankirt Aulakh Ft Gurlej Akhtar Ginni Kapoor Shree Brar Avvy Sra ｜ New Punjabi Song 2021,8 Raflaan ： Mankirt Aulakh Ft Gurlej Akhtar Ginni Kapoor Shree Brar Avvy Sra ｜ New Punjabi Song 2021.mp3,.mp3,298.806,4.98,punjabi\8 Raflaan ： Mankirt Aulakh Ft Gurlej Akhtar Ginni Kapoor Shree Brar Avvy Sra ｜ New Punjabi Song 2021.mp3
punjabi,AADAT - NINJA ｜ PARMISH VERMA ｜ MOST ROMANTIC SONGS ｜ MALWA RECORDS,AADAT - NINJA ｜ PARMISH VERMA ｜ MOST ROMANTIC SONGS ｜ MALWA RECORDS.mp3,.mp3,264.208,4.403,punjabi\AADAT - NINJA ｜ PARMISH VERMA ｜ MOST ROMANTIC SONGS ｜ MALWA RECORDS.mp3
punjabi,All Black Full Song ｜ Sukhe ｜ Raftaar ｜  New Video  2015 ｜ T-Series,All Black Full Song ｜ Sukhe ｜ Raftaar ｜  New Video  2015 ｜ T-Series.mp3,.mp3,225.28,3.755,punjabi\All Black Full Song ｜ Sukhe ｜ Raftaar ｜  New Video  2015 ｜ T-Series.mp3
punjabi,Baby Girl ｜ Guru Randhawa Dhvani Bhanushali ｜ Remo D'Souza ｜ Bhushan Kumar ｜ Vee,Baby Girl ｜ Guru Randhawa Dhvani Bhanushali ｜ Remo D'Souza ｜ Bhushan Kumar ｜ Vee.mp3,.mp3,223.019,3.717,punjabi\Baby Girl ｜ Guru Randhawa Dhvani Bhanushali ｜ Remo D'Souza ｜ Bhushan Kumar ｜ Vee.mp3
punjabi,Badnam ｜ Mankirt Aulakh Feat Dj Flow ｜ Sukh Sanghera ｜ Singga ｜ Speed Records,Badnam ｜ Mankirt Aulakh Feat Dj Flow ｜ Sukh Sanghera ｜ Singga ｜ Speed Records.mp3,.mp3,214.144,3.569,punjabi\Badnam ｜ Mankirt Aulakh Feat Dj Flow ｜ Sukh Sanghera ｜ Singga ｜ Speed Records.mp3
punjabi,Bapu Zimidar ｜ Jassie Gill ｜ Replay ( Return Of Melody ) ｜  Latest Punjabi Songs ｜ New Punjabi Songs,Bapu Zimidar ｜ Jassie Gill ｜ Replay ( Return Of Melody ) ｜  Latest Punjabi Songs ｜ New Punjabi Songs.mp3,.mp3,224.769,3.746,punjabi\Bapu Zimidar ｜ Jassie Gill ｜ Replay ( Return Of Melody ) ｜  Latest Punjabi Songs ｜ New Punjabi Songs.mp3
punjabi,"BAROOD DIL  ｜ Korala Maan , Gurlej Akhtar ｜ PARM CHAHAL ｜ TEAM7PICTURE","BAROOD DIL  ｜ Korala Maan , Gurlej Akhtar ｜ PARM CHAHAL ｜ TEAM7PICTURE.mp3",.mp3,320.006,5.333,"punjabi\BAROOD DIL  ｜ Korala Maan , Gurlej Akhtar ｜ PARM CHAHAL ｜ TEAM7PICTURE.mp3"
punjabi,Blue Eyes Full Video Song Yo Yo Honey Singh ｜ Blockbuster Song Of 2013,Blue Eyes Full Video Song Yo Yo Honey Singh ｜ Blockbuster Song Of 2013.mp3,.mp3,242.707,4.045,punjabi\Blue Eyes Full Video Song Yo Yo Honey Singh ｜ Blockbuster Song Of 2013.mp3
punjabi,BROWN MUNDE - AP DHILLON ｜ GURINDER GILL ｜ SHINDA KAHLON (Official Music Video),BROWN MUNDE - AP DHILLON ｜ GURINDER GILL ｜ SHINDA KAHLON (Official Music Video).mp3,.mp3,267.61,4.46,punjabi\BROWN MUNDE - AP DHILLON ｜ GURINDER GILL ｜ SHINDA KAHLON (Official Music Video).mp3
punjabi,Brown Rang： Yo Yo Honey Singh India's No.1 Video 2012 ｜ International Villager ｜ Speed Punjabi,Brown Rang： Yo Yo Honey Singh India's No.1 Video 2012 ｜ International Villager ｜ Speed Punjabi.mp3,.mp3,178.991,2.983,punjabi\Brown Rang： Yo Yo Honey Singh India's No.1 Video 2012 ｜ International Villager ｜ Speed Punjabi.mp3
punjabi,Chann Sitare ｜ Ammy Virk ｜ Tania ｜ Simerjit Singh ｜ Avvy Sra ｜ Oye Makhna ｜ New Punjabi Song 2023,Chann Sitare ｜ Ammy Virk ｜ Tania ｜ Simerjit Singh ｜ Avvy Sra ｜ Oye Makhna ｜ New Punjabi Song 2023.mp3,.mp3,196.719,3.279,punjabi\Chann Sitare ｜ Ammy Virk ｜ Tania ｜ Simerjit Singh ｜ Avvy Sra ｜ Oye Makhna ｜ New Punjabi Song 2023.mp3
punjabi,Chitta Kurta (Full video) Karan Aujla feat. Gurlez Akhtar ｜ Deep jandu ｜ Punjabi Songs 2019,Chitta Kurta (Full video) Karan Aujla feat. Gurlez Akhtar ｜ Deep jandu ｜ Punjabi Songs 2019.mp3,.mp3,245.168,4.086,punjabi\Chitta Kurta (Full video) Karan Aujla feat. Gurlez Akhtar ｜ Deep jandu ｜ Punjabi Songs 2019.mp3
punjabi,COKA ： Sukh-E Muzical Doctorz ｜ Alankrita Sahai ｜ Jaani ｜ Arvindr Khaira ｜ DM,COKA ： Sukh-E Muzical Doctorz ｜ Alankrita Sahai ｜ Jaani ｜ Arvindr Khaira ｜ DM.mp3,.mp3,180.849,3.014,punjabi\COKA ： Sukh-E Muzical Doctorz ｜ Alankrita Sahai ｜ Jaani ｜ Arvindr Khaira ｜ DM.mp3
punjabi,Coke Studio ｜ Season 14 ｜ Pasoori ｜ Ali Sethi x Shae Gill,Coke Studio ｜ Season 14 ｜ Pasoori ｜ Ali Sethi x Shae Gill.mp3,.mp3,276.364,4.606,punjabi\Coke Studio ｜ Season 14 ｜ Pasoori ｜ Ali Sethi x Shae Gill.mp3
punjabi,Daru Badnaam ｜ Kamal Kahlon & Param Singh ｜ Official Video ｜ Pratik Studio ｜ Latest Punjabi Songs,Daru Badnaam ｜ Kamal Kahlon & Param Singh ｜ Official Video ｜ Pratik Studio ｜ Latest Punjabi Songs.mp3,.mp3,240.292,4.005,punjabi\Daru Badnaam ｜ Kamal Kahlon & Param Singh ｜ Official Video ｜ Pratik Studio ｜ Latest Punjabi Songs.mp3
punjabi,Diamond ｜ Official Music Video ｜ Gurnam Bhullar ｜ Roopi Gill ｜ Songs 2018 ｜ Jass Records,Diamond ｜ Official Music Video ｜ Gurnam Bhullar ｜ Roopi Gill ｜ Songs 2018 ｜ Jass Records.mp3,.mp3,260.354,4.339,punjabi\Diamond ｜ Official Music Video ｜ Gurnam Bhullar ｜ Roopi Gill ｜ Songs 2018 ｜ Jass Records.mp3
punjabi,"Dil Diyan Gallan Song ｜ Tiger Zinda Hai ｜ Salman Khan, Katrina Kaif ｜ Atif Aslam ｜ Vishal & Shekhar","Dil Diyan Gallan Song ｜ Tiger Zinda Hai ｜ Salman Khan, Katrina Kaif ｜ Atif Aslam ｜ Vishal & Shekhar.mp3",.mp3,184.877,3.081,"punjabi\Dil Diyan Gallan Song ｜ Tiger Zinda Hai ｜ Salman Khan, Katrina Kaif ｜ Atif Aslam ｜ Vishal & Shekhar.mp3"
punjabi,Diljit Dosanjh - G.O.A.T. (Official Music Video),Diljit Dosanjh - G.O.A.T. (Official Music Video).mp3,.mp3,223.411,3.724,punjabi\Diljit Dosanjh - G.O.A.T. (Official Music Video).mp3
punjabi,Diljit Dosanjh： Born To Shine (Official Music Video) G.O.A.T,Diljit Dosanjh： Born To Shine (Official Music Video) G.O.A.T.mp3,.mp3,217.897,3.632,punjabi\Diljit Dosanjh： Born To Shine (Official Music Video) G.O.A.T.mp3
punjabi,Duji Vaar Pyar ｜ Sunanda Sharma ｜ Sukh-E ｜ Jaani ｜ Arvindr K ｜ Official Video ｜ Mad 4 Music,Duji Vaar Pyar ｜ Sunanda Sharma ｜ Sukh-E ｜ Jaani ｜ Arvindr K ｜ Official Video ｜ Mad 4 Music.mp3,.mp3,230.249,3.837,punjabi\Duji Vaar Pyar ｜ Sunanda Sharma ｜ Sukh-E ｜ Jaani ｜ Arvindr K ｜ Official Video ｜ Mad 4 Music.mp3
punjabi,"Exclusive： LOVE DOSE Full Video Song ｜ Yo Yo Honey Singh, Urvashi Rautela ｜ Desi Kalakaar","Exclusive： LOVE DOSE Full Video Song ｜ Yo Yo Honey Singh, Urvashi Rautela ｜ Desi Kalakaar.mp3",.mp3,276.48,4.608,"punjabi\Exclusive： LOVE DOSE Full Video Song ｜ Yo Yo Honey Singh, Urvashi Rautela ｜ Desi Kalakaar.mp3"
punjabi,Excuses (Official Video) ｜ AP Dhillon ｜ Gurinder Gill ｜ Intense,Excuses (Official Video) ｜ AP Dhillon ｜ Gurinder Gill ｜ Intense.mp3,.mp3,176.263,2.938,punjabi\Excuses (Official Video) ｜ AP Dhillon ｜ Gurinder Gill ｜ Intense.mp3
punjabi,EXPERT JATT - NAWAB (Official Video) Mista Baaz ｜ Juke Dock,EXPERT JATT - NAWAB (Official Video) Mista Baaz ｜ Juke Dock.mp3,.mp3,204.463,3.408,punjabi\EXPERT JATT - NAWAB (Official Video) Mista Baaz ｜ Juke Dock.mp3
punjabi,FILHALL ｜ Akshay Kumar Ft Nupur Sanon ｜ BPraak ｜ Jaani ｜ Arvindr Khaira ｜ Ammy Virk ｜ DESI MELODIES,FILHALL ｜ Akshay Kumar Ft Nupur Sanon ｜ BPraak ｜ Jaani ｜ Arvindr Khaira ｜ Ammy Virk ｜ DESI MELODIES.mp3,.mp3,330.002,5.5,punjabi\FILHALL ｜ Akshay Kumar Ft Nupur Sanon ｜ BPraak ｜ Jaani ｜ Arvindr Khaira ｜ Ammy Virk ｜ DESI MELODIES.mp3
punjabi,Gaal Ni Kadni (Official Video)｜ Parmish Verma ｜ Desi Crew ｜ Latest Punjabi Song 2017 ｜ Speed Records,Gaal Ni Kadni (Official Video)｜ Parmish Verma ｜ Desi Crew ｜ Latest Punjabi Song 2017 ｜ Speed Records.mp3,.mp3,253.803,4.23,punjabi\Gaal Ni Kadni (Official Video)｜ Parmish Verma ｜ Desi Crew ｜ Latest Punjabi Song 2017 ｜ Speed Records.mp3
punjabi,Gal Karke (Official Video) Inder Chahal ft. Mahira Sharma ｜ Babbu ｜ Rajat Nagpal,Gal Karke (Official Video) Inder Chahal ft. Mahira Sharma ｜ Babbu ｜ Rajat Nagpal.mp3,.mp3,178.085,2.968,punjabi\Gal Karke (Official Video) Inder Chahal ft. Mahira Sharma ｜ Babbu ｜ Rajat Nagpal.mp3
punjabi,GAL KARKE - Asees Kaur ｜ Siddharth Nigam ｜ Anushka Sen ｜ Babbu｜ Anshul Garg ｜ Punjabi Song,GAL KARKE - Asees Kaur ｜ Siddharth Nigam ｜ Anushka Sen ｜ Babbu｜ Anshul Garg ｜ Punjabi Song.mp3,.mp3,203.813,3.397,punjabi\GAL KARKE - Asees Kaur ｜ Siddharth Nigam ｜ Anushka Sen ｜ Babbu｜ Anshul Garg ｜ Punjabi Song.mp3
punjabi,GOAT (Full Video) Sidhu Moose Wala ｜ Wazir Patar ｜ Sukh Sanghera ｜ Moosetape,GOAT (Full Video) Sidhu Moose Wala ｜ Wazir Patar ｜ Sukh Sanghera ｜ Moosetape.mp3,.mp3,245.284,4.088,punjabi\GOAT (Full Video) Sidhu Moose Wala ｜ Wazir Patar ｜ Sukh Sanghera ｜ Moosetape.mp3
punjabi,Guri ： Billian Billian (Official Video) Sukhe ｜ Satti Dhillon ｜ Punjabi Song ｜ GK Digital ｜ Geet MP3,Guri ： Billian Billian (Official Video) Sukhe ｜ Satti Dhillon ｜ Punjabi Song ｜ GK Digital ｜ Geet MP3.mp3,.mp3,197.927,3.299,punjabi\Guri ： Billian Billian (Official Video) Sukhe ｜ Satti Dhillon ｜ Punjabi Song ｜ GK Digital ｜ Geet MP3.mp3
punjabi,Guru Randhawa： High Rated Gabru Official Song ｜ DirectorGifty ｜ Bhushan Kumar ｜ T-Series,Guru Randhawa： High Rated Gabru Official Song ｜ DirectorGifty ｜ Bhushan Kumar ｜ T-Series.mp3,.mp3,216.433,3.607,punjabi\Guru Randhawa： High Rated Gabru Official Song ｜ DirectorGifty ｜ Bhushan Kumar ｜ T-Series.mp3
punjabi,Guru Randhawa： Ishq Tera (Official Video) ｜ Nushrat Bharucha ｜ Bhushan Kumar ｜ T-Series,Guru Randhawa： Ishq Tera (Official Video) ｜ Nushrat Bharucha ｜ Bhushan Kumar ｜ T-Series.mp3,.mp3,229.889,3.831,punjabi\Guru Randhawa： Ishq Tera (Official Video) ｜ Nushrat Bharucha ｜ Bhushan Kumar ｜ T-Series.mp3
punjabi,Guru Randhawa： Lahore (Official Video) Bhushan Kumar ｜ Vee ｜ DirectorGifty ｜ T-Series,Guru Randhawa： Lahore (Official Video) Bhushan Kumar ｜ Vee ｜ DirectorGifty ｜ T-Series.mp3,.mp3,234.452,3.908,punjabi\Guru Randhawa： Lahore (Official Video) Bhushan Kumar ｜ Vee ｜ DirectorGifty ｜ T-Series.mp3
punjabi,Guru Randhawa： MADE IN INDIA ｜ Bhushan Kumar ｜ DirectorGifty ｜ Elnaaz Norouzi ｜ Vee,Guru Randhawa： MADE IN INDIA ｜ Bhushan Kumar ｜ DirectorGifty ｜ Elnaaz Norouzi ｜ Vee.mp3,.mp3,242.451,4.041,punjabi\Guru Randhawa： MADE IN INDIA ｜ Bhushan Kumar ｜ DirectorGifty ｜ Elnaaz Norouzi ｜ Vee.mp3
punjabi,Hardy Sandhu： HORNN BLOW Video Song ｜ Jaani ｜ B Praak ｜ New Song 2016 ｜ T-Series,Hardy Sandhu： HORNN BLOW Video Song ｜ Jaani ｜ B Praak ｜ New Song 2016 ｜ T-Series.mp3,.mp3,165.245,2.754,punjabi\Hardy Sandhu： HORNN BLOW Video Song ｜ Jaani ｜ B Praak ｜ New Song 2016 ｜ T-Series.mp3
punjabi,Harrdy Sandhu - Backbone ｜ Jaani ｜ B Praak ｜ Zenith Sidhu ｜ Official Music Video,Harrdy Sandhu - Backbone ｜ Jaani ｜ B Praak ｜ Zenith Sidhu ｜ Official Music Video.mp3,.mp3,209.049,3.484,punjabi\Harrdy Sandhu - Backbone ｜ Jaani ｜ B Praak ｜ Zenith Sidhu ｜ Official Music Video.mp3
punjabi,Harrdy Sandhu - Bijlee Bijlee ft Palak Tiwari ｜ Jaani ｜ BPraak ｜ Arvindr Khaira ｜ Desi Melodies,Harrdy Sandhu - Bijlee Bijlee ft Palak Tiwari ｜ Jaani ｜ BPraak ｜ Arvindr Khaira ｜ Desi Melodies.mp3,.mp3,244.924,4.082,punjabi\Harrdy Sandhu - Bijlee Bijlee ft Palak Tiwari ｜ Jaani ｜ BPraak ｜ Arvindr Khaira ｜ Desi Melodies.mp3
punjabi,Harrdy Sandhu - Kya Baat Ay ｜ Jaani ｜ B Praak ｜ Arvindr Khaira ｜ Official Music Video,Harrdy Sandhu - Kya Baat Ay ｜ Jaani ｜ B Praak ｜ Arvindr Khaira ｜ Official Music Video.mp3,.mp3,190.125,3.169,punjabi\Harrdy Sandhu - Kya Baat Ay ｜ Jaani ｜ B Praak ｜ Arvindr Khaira ｜ Official Music Video.mp3
punjabi,HIGH HEELS OFFICIAL VIDEO - JAZ DHAMI FT YO YO HONEY SINGH,HIGH HEELS OFFICIAL VIDEO - JAZ DHAMI FT YO YO HONEY SINGH.mp3,.mp3,217.768,3.629,punjabi\HIGH HEELS OFFICIAL VIDEO - JAZ DHAMI FT YO YO HONEY SINGH.mp3
punjabi,ILLEGAL WEAPON ｜ GARRY SANDHU ⧸JASMINE SANDLAS ｜ INTENSE ｜ FRESH MEDIA RECORDS,ILLEGAL WEAPON ｜ GARRY SANDHU ⧸JASMINE SANDLAS ｜ INTENSE ｜ FRESH MEDIA RECORDS.mp3,.mp3,228.856,3.814,punjabi\ILLEGAL WEAPON ｜ GARRY SANDHU ⧸JASMINE SANDLAS ｜ INTENSE ｜ FRESH MEDIA RECORDS.mp3
punjabi,Imran Khan - Amplifier (Official Music Video),Imran Khan - Amplifier (Official Music Video).mp3,.mp3,232.292,3.872,punjabi\Imran Khan - Amplifier (Official Music Video).mp3
punjabi,Imran Khan - Satisfya (Official Music Video),Imran Khan - Satisfya (Official Music Video).mp3,.mp3,185.005,3.083,punjabi\Imran Khan - Satisfya (Official Music Video).mp3
punjabi,"ISHARE TERE Song ｜ Guru Randhawa, Dhvani Bhanushali ｜ DirectorGifty ｜ Bhushan Kumar","ISHARE TERE Song ｜ Guru Randhawa, Dhvani Bhanushali ｜ DirectorGifty ｜ Bhushan Kumar.mp3",.mp3,200.377,3.34,"punjabi\ISHARE TERE Song ｜ Guru Randhawa, Dhvani Bhanushali ｜ DirectorGifty ｜ Bhushan Kumar.mp3"
punjabi,JAANI TERA NAA (MUMMY NU PASAND) ｜ SUNANDA SHARMA ｜ JAANI ｜ New Punjabi Songs 2017 ｜ MAD 4 MUSIC,JAANI TERA NAA (MUMMY NU PASAND) ｜ SUNANDA SHARMA ｜ JAANI ｜ New Punjabi Songs 2017 ｜ MAD 4 MUSIC.mp3,.mp3,205.288,3.421,punjabi\JAANI TERA NAA (MUMMY NU PASAND) ｜ SUNANDA SHARMA ｜ JAANI ｜ New Punjabi Songs 2017 ｜ MAD 4 MUSIC.mp3
punjabi,Jattwaad ： Harf Cheema & Gurlez Akhtar (Official Song) Punjabi Songs ｜ Punjabi Hit Song ｜ Geet MP3,Jattwaad ： Harf Cheema & Gurlez Akhtar (Official Song) Punjabi Songs ｜ Punjabi Hit Song ｜ Geet MP3.mp3,.mp3,217.49,3.625,punjabi\Jattwaad ： Harf Cheema & Gurlez Akhtar (Official Song) Punjabi Songs ｜ Punjabi Hit Song ｜ Geet MP3.mp3
punjabi,Jhol ｜ Coke Studio Pakistan ｜ Season 15 ｜ Maanu x Annural Khalid,Jhol ｜ Coke Studio Pakistan ｜ Season 15 ｜ Maanu x Annural Khalid.mp3,.mp3,278.674,4.645,punjabi\Jhol ｜ Coke Studio Pakistan ｜ Season 15 ｜ Maanu x Annural Khalid.mp3
punjabi,Kaka New Song -Temporary Pyar ｜ Darling ｜ Adaab Kharoud ｜ Anjali Arora ｜ New Punjabi Songs 2021,Kaka New Song -Temporary Pyar ｜ Darling ｜ Adaab Kharoud ｜ Anjali Arora ｜ New Punjabi Songs 2021.mp3,.mp3,275.168,4.586,punjabi\Kaka New Song -Temporary Pyar ｜ Darling ｜ Adaab Kharoud ｜ Anjali Arora ｜ New Punjabi Songs 2021.mp3
punjabi,Kaka New Song ｜ Kale Je Libaas Di (Official Video) Ginni Kapoor ｜ Punjabi song,Kaka New Song ｜ Kale Je Libaas Di (Official Video) Ginni Kapoor ｜ Punjabi song.mp3,.mp3,275.609,4.593,punjabi\Kaka New Song ｜ Kale Je Libaas Di (Official Video) Ginni Kapoor ｜ Punjabi song.mp3
punjabi,KHAAB ｜ AKHIL ｜ PARMISH VERMA ｜  PUNJABI SONG 2025 ｜ CROWN RECORDS ｜ LATEST PUNJABI 2025 ｜,KHAAB ｜ AKHIL ｜ PARMISH VERMA ｜  PUNJABI SONG 2025 ｜ CROWN RECORDS ｜ LATEST PUNJABI 2025 ｜.mp3,.mp3,219.045,3.651,punjabi\KHAAB ｜ AKHIL ｜ PARMISH VERMA ｜  PUNJABI SONG 2025 ｜ CROWN RECORDS ｜ LATEST PUNJABI 2025 ｜.mp3
punjabi,LAAL PARI (Song)： Yo Yo Honey Singh ｜ Sajid Nadiadwala ｜ Tarun Mansukhani ｜ Housefull 5,LAAL PARI (Song)： Yo Yo Honey Singh ｜ Sajid Nadiadwala ｜ Tarun Mansukhani ｜ Housefull 5.mp3,.mp3,184.459,3.074,punjabi\LAAL PARI (Song)： Yo Yo Honey Singh ｜ Sajid Nadiadwala ｜ Tarun Mansukhani ｜ Housefull 5.mp3
punjabi,LAARE ： Maninder Buttar ｜ Sargun Mehta ｜ B Praak ｜ Jaani ｜ Arvindr Khaira ｜ Punjbai Romantic Song,LAARE ： Maninder Buttar ｜ Sargun Mehta ｜ B Praak ｜ Jaani ｜ Arvindr Khaira ｜ Punjbai Romantic Song.mp3,.mp3,296.619,4.944,punjabi\LAARE ： Maninder Buttar ｜ Sargun Mehta ｜ B Praak ｜ Jaani ｜ Arvindr Khaira ｜ Punjbai Romantic Song.mp3
punjabi,Laembadgini (Full Song) ｜ Diljit Dosanjh ｜ Veet Baljit ｜ Latest Punjabi Songs 2016 ｜ Speed Records,Laembadgini (Full Song) ｜ Diljit Dosanjh ｜ Veet Baljit ｜ Latest Punjabi Songs 2016 ｜ Speed Records.mp3,.mp3,338.361,5.639,punjabi\Laembadgini (Full Song) ｜ Diljit Dosanjh ｜ Veet Baljit ｜ Latest Punjabi Songs 2016 ｜ Speed Records.mp3
punjabi,Lamberghini (Full Video) ｜ The Doorbeen Feat Ragini ｜ Latest Punjabi Song 2018 ｜ Speed Records,Lamberghini (Full Video) ｜ The Doorbeen Feat Ragini ｜ Latest Punjabi Song 2018 ｜ Speed Records.mp3,.mp3,217.687,3.628,punjabi\Lamberghini (Full Video) ｜ The Doorbeen Feat Ragini ｜ Latest Punjabi Song 2018 ｜ Speed Records.mp3
punjabi,"Laung Laachi Title Song ｜ Mannat Noor ｜ Ammy Virk, Neeru Bajwa,Amberdeep ｜ Latest Punjabi Song 2018","Laung Laachi Title Song ｜ Mannat Noor ｜ Ammy Virk, Neeru Bajwa,Amberdeep ｜ Latest Punjabi Song 2018.mp3",.mp3,184.053,3.068,"punjabi\Laung Laachi Title Song ｜ Mannat Noor ｜ Ammy Virk, Neeru Bajwa,Amberdeep ｜ Latest Punjabi Song 2018.mp3"
punjabi,Lehanga ： Jass Manak (Official Video) Satti Dhillon - India's Most Viewed Song - Hit Punjabi Song,Lehanga ： Jass Manak (Official Video) Satti Dhillon - India's Most Viewed Song - Hit Punjabi Song.mp3,.mp3,225.93,3.766,punjabi\Lehanga ： Jass Manak (Official Video) Satti Dhillon - India's Most Viewed Song - Hit Punjabi Song.mp3
punjabi,Mann Bharrya (Full Song) ｜ B Praak ｜ Jaani ｜ Himanshi Khurana ｜ Arvindr Khaira ｜ Punjabi Songs,Mann Bharrya (Full Song) ｜ B Praak ｜ Jaani ｜ Himanshi Khurana ｜ Arvindr Khaira ｜ Punjabi Songs.mp3,.mp3,276.167,4.603,punjabi\Mann Bharrya (Full Song) ｜ B Praak ｜ Jaani ｜ Himanshi Khurana ｜ Arvindr Khaira ｜ Punjabi Songs.mp3
punjabi,Mere Wala Sardar (Official Video) ｜ Jugraj Sandhu ｜ Guri Tere Jeha Hor Na Koi Milya,Mere Wala Sardar (Official Video) ｜ Jugraj Sandhu ｜ Guri Tere Jeha Hor Na Koi Milya.mp3,.mp3,254.2,4.237,punjabi\Mere Wala Sardar (Official Video) ｜ Jugraj Sandhu ｜ Guri Tere Jeha Hor Na Koi Milya.mp3
punjabi,Mill Lo Na ： Guri Ft. Sukhe (Official Video) Jaani ｜ Satti Dhillon ｜ Punjabi Songs ｜ GK ｜ Geet MP3,Mill Lo Na ： Guri Ft. Sukhe (Official Video) Jaani ｜ Satti Dhillon ｜ Punjabi Songs ｜ GK ｜ Geet MP3.mp3,.mp3,180.686,3.011,punjabi\Mill Lo Na ： Guri Ft. Sukhe (Official Video) Jaani ｜ Satti Dhillon ｜ Punjabi Songs ｜ GK ｜ Geet MP3.mp3
punjabi,Na Ja - Pav Dharia (Official Video) ｜ 4K Video ｜ Dance Hit ｜ Punjabi Songs ｜ #pavdharia  #najanaja,Na Ja - Pav Dharia (Official Video) ｜ 4K Video ｜ Dance Hit ｜ Punjabi Songs ｜ #pavdharia  #najanaja.mp3,.mp3,250.288,4.171,punjabi\Na Ja - Pav Dharia (Official Video) ｜ 4K Video ｜ Dance Hit ｜ Punjabi Songs ｜ #pavdharia  #najanaja.mp3
punjabi,Na Na Na Na ｜ J Star ｜ Full Official Video ｜ Latest Punjabi Song 2015,Na Na Na Na ｜ J Star ｜ Full Official Video ｜ Latest Punjabi Song 2015.mp3,.mp3,263.767,4.396,punjabi\Na Na Na Na ｜ J Star ｜ Full Official Video ｜ Latest Punjabi Song 2015.mp3
punjabi,Naah -  Harrdy Sandhu Feat. Nora Fatehi ｜ Jaani ｜ B Praak ｜ Official Music Video,Naah -  Harrdy Sandhu Feat. Nora Fatehi ｜ Jaani ｜ B Praak ｜ Official Music Video.mp3,.mp3,201.363,3.356,punjabi\Naah -  Harrdy Sandhu Feat. Nora Fatehi ｜ Jaani ｜ B Praak ｜ Official Music Video.mp3
punjabi,"Nadiyon Paar (Let the Music Play) – Roohi ｜ Janhvi ｜ Sachin-Jigar ｜ Rashmeet, Shamur, IP Singh","Nadiyon Paar (Let the Music Play) – Roohi ｜ Janhvi ｜ Sachin-Jigar ｜ Rashmeet, Shamur, IP Singh.mp3",.mp3,147.669,2.461,"punjabi\Nadiyon Paar (Let the Music Play) – Roohi ｜ Janhvi ｜ Sachin-Jigar ｜ Rashmeet, Shamur, IP Singh.mp3"
punjabi,New Punjabi Songs 2020 ｜ Sharara (Full Song) Shivjot ｜ Latest Punjabi Songs 2020,New Punjabi Songs 2020 ｜ Sharara (Full Song) Shivjot ｜ Latest Punjabi Songs 2020.mp3,.mp3,223.295,3.722,punjabi\New Punjabi Songs 2020 ｜ Sharara (Full Song) Shivjot ｜ Latest Punjabi Songs 2020.mp3
punjabi,NIRA ISHQ ： GURI (Official Song) Satti Dhillon ｜ Romantic Song ｜ GK Digital ｜  Geet MP3,NIRA ISHQ ： GURI (Official Song) Satti Dhillon ｜ Romantic Song ｜ GK Digital ｜  Geet MP3.mp3,.mp3,194.444,3.241,punjabi\NIRA ISHQ ： GURI (Official Song) Satti Dhillon ｜ Romantic Song ｜ GK Digital ｜  Geet MP3.mp3
punjabi,Official Video： Nikle Currant Song ｜ Jassi Gill ｜ Neha Kakkar ｜ Sukh-E Muzical Doctorz ｜ Jaani,Official Video： Nikle Currant Song ｜ Jassi Gill ｜ Neha Kakkar ｜ Sukh-E Muzical Doctorz ｜ Jaani.mp3,.mp3,213.601,3.56,punjabi\Official Video： Nikle Currant Song ｜ Jassi Gill ｜ Neha Kakkar ｜ Sukh-E Muzical Doctorz ｜ Jaani.mp3
punjabi,OLD SKOOL (Full Video) Prem Dhillon ft Sidhu Moose Wala ｜ The Kidd ｜ Nseeb ｜ Rahul Chahal ｜GoldMedia,OLD SKOOL (Full Video) Prem Dhillon ft Sidhu Moose Wala ｜ The Kidd ｜ Nseeb ｜ Rahul Chahal ｜GoldMedia.mp3,.mp3,259.228,4.32,punjabi\OLD SKOOL (Full Video) Prem Dhillon ft Sidhu Moose Wala ｜ The Kidd ｜ Nseeb ｜ Rahul Chahal ｜GoldMedia.mp3
punjabi,PANI DI GAL： Maninder Buttar feat. Jasmin Bhasin ｜ Asees Kaur ｜ MixSingh ｜ JUGNI,PANI DI GAL： Maninder Buttar feat. Jasmin Bhasin ｜ Asees Kaur ｜ MixSingh ｜ JUGNI.mp3,.mp3,318.45,5.308,punjabi\PANI DI GAL： Maninder Buttar feat. Jasmin Bhasin ｜ Asees Kaur ｜ MixSingh ｜ JUGNI.mp3
punjabi,Patola Video Song ｜ Blackmail ｜ Irrfan Khan & Kirti Kulhari ｜ Guru Randhawa,Patola Video Song ｜ Blackmail ｜ Irrfan Khan & Kirti Kulhari ｜ Guru Randhawa.mp3,.mp3,149.13,2.486,punjabi\Patola Video Song ｜ Blackmail ｜ Irrfan Khan & Kirti Kulhari ｜ Guru Randhawa.mp3
punjabi,Phulkari ： Karan Randhawa (Official Video) Simar Kaur ｜ Rav Dhillon ｜ GK Digital ｜ Geet MP3,Phulkari ： Karan Randhawa (Official Video) Simar Kaur ｜ Rav Dhillon ｜ GK Digital ｜ Geet MP3.mp3,.mp3,204.452,3.408,punjabi\Phulkari ： Karan Randhawa (Official Video) Simar Kaur ｜ Rav Dhillon ｜ GK Digital ｜ Geet MP3.mp3
punjabi,Prada ： Jass Manak (Official Video) Satti Dhillon - Romantic Song - Hit Punjabi Song - Geet MP3,Prada ： Jass Manak (Official Video) Satti Dhillon - Romantic Song - Hit Punjabi Song - Geet MP3.mp3,.mp3,191.089,3.185,punjabi\Prada ： Jass Manak (Official Video) Satti Dhillon - Romantic Song - Hit Punjabi Song - Geet MP3.mp3
punjabi,Proper Patola - Official Video ｜ Namaste England ｜ Arjun ｜ Parineeti ｜ Badshah ｜ Diljit ｜ Aastha,Proper Patola - Official Video ｜ Namaste England ｜ Arjun ｜ Parineeti ｜ Badshah ｜ Diljit ｜ Aastha.mp3,.mp3,180.349,3.006,punjabi\Proper Patola - Official Video ｜ Namaste England ｜ Arjun ｜ Parineeti ｜ Badshah ｜ Diljit ｜ Aastha.mp3
punjabi,PUCHDA HI NAHIN - Neha Kakkar ｜ Rohit Khandelwal ｜ Babbu ｜ Maninder B ｜ MixSingh,PUCHDA HI NAHIN - Neha Kakkar ｜ Rohit Khandelwal ｜ Babbu ｜ Maninder B ｜ MixSingh.mp3,.mp3,195.57,3.26,punjabi\PUCHDA HI NAHIN - Neha Kakkar ｜ Rohit Khandelwal ｜ Babbu ｜ Maninder B ｜ MixSingh.mp3
punjabi,Qismat (Full Video) ｜ Ammy Virk ｜ Sargun Mehta ｜ Jaani ｜ B Praak ｜ Arvindr Khaira ｜ Punjabi Songs,Qismat (Full Video) ｜ Ammy Virk ｜ Sargun Mehta ｜ Jaani ｜ B Praak ｜ Arvindr Khaira ｜ Punjabi Songs.mp3,.mp3,263.082,4.385,punjabi\Qismat (Full Video) ｜ Ammy Virk ｜ Sargun Mehta ｜ Jaani ｜ B Praak ｜ Arvindr Khaira ｜ Punjabi Songs.mp3
punjabi,SAKHIYAAN (Full Song) Maninder Buttar ｜ MixSingh ｜ Babbu ｜ Punjabi Songs ｜ Sakhiyan ｜ Ishtar Punjabi,SAKHIYAAN (Full Song) Maninder Buttar ｜ MixSingh ｜ Babbu ｜ Punjabi Songs ｜ Sakhiyan ｜ Ishtar Punjabi.mp3,.mp3,198.925,3.315,punjabi\SAKHIYAAN (Full Song) Maninder Buttar ｜ MixSingh ｜ Babbu ｜ Punjabi Songs ｜ Sakhiyan ｜ Ishtar Punjabi.mp3
punjabi,Same Beef Song ｜ BOHEMIA ｜ Ft. Sidhu Moose Wala ｜ Byg Byrd ｜ Punjabi Song ｜ Rap Song ｜ Music Video,Same Beef Song ｜ BOHEMIA ｜ Ft. Sidhu Moose Wala ｜ Byg Byrd ｜ Punjabi Song ｜ Rap Song ｜ Music Video.mp3,.mp3,262.002,4.367,punjabi\Same Beef Song ｜ BOHEMIA ｜ Ft. Sidhu Moose Wala ｜ Byg Byrd ｜ Punjabi Song ｜ Rap Song ｜ Music Video.mp3
punjabi,Same Time Same Jagah (Chaar Din) ● Sandeep Brar ● Kulwinder Billa ● New Punjabi Songs,Same Time Same Jagah (Chaar Din) ● Sandeep Brar ● Kulwinder Billa ● New Punjabi Songs.mp3,.mp3,316.209,5.27,punjabi\Same Time Same Jagah (Chaar Din) ● Sandeep Brar ● Kulwinder Billa ● New Punjabi Songs.mp3
punjabi,Sheh ： Singga (Official Video) ｜ Ellde Fazilka ｜ Latest Punjabi Romantic Song ｜ Vaaho Entertainments,Sheh ： Singga (Official Video) ｜ Ellde Fazilka ｜ Latest Punjabi Romantic Song ｜ Vaaho Entertainments.mp3,.mp3,251.925,4.199,punjabi\Sheh ： Singga (Official Video) ｜ Ellde Fazilka ｜ Latest Punjabi Romantic Song ｜ Vaaho Entertainments.mp3
punjabi,Shubh - Cheques (Official Music Video),Shubh - Cheques (Official Music Video).mp3,.mp3,188.569,3.143,punjabi\Shubh - Cheques (Official Music Video).mp3
punjabi,So High ｜ Official Music Video ｜ Sidhu Moose Wala ft. BYG BYRD ｜ Humble Music,So High ｜ Official Music Video ｜ Sidhu Moose Wala ft. BYG BYRD ｜ Humble Music.mp3,.mp3,233.767,3.896,punjabi\So High ｜ Official Music Video ｜ Sidhu Moose Wala ft. BYG BYRD ｜ Humble Music.mp3
punjabi,SOFTLY (Official Music Video) KARAN AUJLA ｜ IKKY ｜ LATEST PUNJABI SONGS 2023,SOFTLY (Official Music Video) KARAN AUJLA ｜ IKKY ｜ LATEST PUNJABI SONGS 2023.mp3,.mp3,170.922,2.849,punjabi\SOFTLY (Official Music Video) KARAN AUJLA ｜ IKKY ｜ LATEST PUNJABI SONGS 2023.mp3
punjabi,Struggler ｜ (Full HD) ｜ R Nait ｜ Laddi Gill ｜ Tru Makers ｜ Punjabi Songs2019 ｜ Jass Records,Struggler ｜ (Full HD) ｜ R Nait ｜ Laddi Gill ｜ Tru Makers ｜ Punjabi Songs2019 ｜ Jass Records.mp3,.mp3,414.72,6.912,punjabi\Struggler ｜ (Full HD) ｜ R Nait ｜ Laddi Gill ｜ Tru Makers ｜ Punjabi Songs2019 ｜ Jass Records.mp3
punjabi,Suit Full Video Song ｜ Guru Randhawa Feat. Arjun ｜ T-Series,Suit Full Video Song ｜ Guru Randhawa Feat. Arjun ｜ T-Series.mp3,.mp3,202.281,3.371,punjabi\Suit Full Video Song ｜ Guru Randhawa Feat. Arjun ｜ T-Series.mp3
punjabi,SUPERSTAR - Riyaz Aly & Anushka Sen ｜ Neha Kakkar ｜ Vibhor Parashar ｜ Sarmad ｜ Raghav ｜ Babbu,SUPERSTAR - Riyaz Aly & Anushka Sen ｜ Neha Kakkar ｜ Vibhor Parashar ｜ Sarmad ｜ Raghav ｜ Babbu.mp3,.mp3,222.366,3.706,punjabi\SUPERSTAR - Riyaz Aly & Anushka Sen ｜ Neha Kakkar ｜ Vibhor Parashar ｜ Sarmad ｜ Raghav ｜ Babbu.mp3
punjabi,Tauba Tauba ｜ Bad Newz ｜ Vicky Kaushal ｜ Triptii Dimri ｜ Karan Aujla,Tauba Tauba ｜ Bad Newz ｜ Vicky Kaushal ｜ Triptii Dimri ｜ Karan Aujla.mp3,.mp3,221.925,3.699,punjabi\Tauba Tauba ｜ Bad Newz ｜ Vicky Kaushal ｜ Triptii Dimri ｜ Karan Aujla.mp3
punjabi,Teeje Week (Full Song) Jordan Sandhu ｜ Bunty Bains ｜ Sonia Mann ｜ The Boss ｜ Punjabi Songs,Teeje Week (Full Song) Jordan Sandhu ｜ Bunty Bains ｜ Sonia Mann ｜ The Boss ｜ Punjabi Songs.mp3,.mp3,214.251,3.571,punjabi\Teeje Week (Full Song) Jordan Sandhu ｜ Bunty Bains ｜ Sonia Mann ｜ The Boss ｜ Punjabi Songs.mp3
punjabi,THE LAST RIDE - Offical Video ｜  Sidhu Moose Wala ｜ Wazir Patar,THE LAST RIDE - Offical Video ｜  Sidhu Moose Wala ｜ Wazir Patar.mp3,.mp3,275.168,4.586,punjabi\THE LAST RIDE - Offical Video ｜  Sidhu Moose Wala ｜ Wazir Patar.mp3
punjabi,Titliaan ｜ Harrdy Sandhu ｜ Sargun Mehta ｜ Afsana Khan ｜ Jaani ｜ Avvy Sra ｜ Arvindr Khaira,Titliaan ｜ Harrdy Sandhu ｜ Sargun Mehta ｜ Afsana Khan ｜ Jaani ｜ Avvy Sra ｜ Arvindr Khaira.mp3,.mp3,260.969,4.349,punjabi\Titliaan ｜ Harrdy Sandhu ｜ Sargun Mehta ｜ Afsana Khan ｜ Jaani ｜ Avvy Sra ｜ Arvindr Khaira.mp3
punjabi,Tochan (Full Video) ｜ SIDHU MOOSEWALA ｜ BYG BYRD ｜ SONIA MANN ｜ Humble Music ｜,Tochan (Full Video) ｜ SIDHU MOOSEWALA ｜ BYG BYRD ｜ SONIA MANN ｜ Humble Music ｜.mp3,.mp3,270.245,4.504,punjabi\Tochan (Full Video) ｜ SIDHU MOOSEWALA ｜ BYG BYRD ｜ SONIA MANN ｜ Humble Music ｜.mp3
punjabi,Trending Nakhra (Official Video) ： Amrit Maan ft. Ginni Kapoor ｜ Intense ｜ Punjabi Song,Trending Nakhra (Official Video) ： Amrit Maan ft. Ginni Kapoor ｜ Intense ｜ Punjabi Song.mp3,.mp3,304.611,5.077,punjabi\Trending Nakhra (Official Video) ： Amrit Maan ft. Ginni Kapoor ｜ Intense ｜ Punjabi Song.mp3
punjabi,TU SHAYAR BANAAGI (Official Video) ｜ Parry Sidhu x MixSingh,TU SHAYAR BANAAGI (Official Video) ｜ Parry Sidhu x MixSingh.mp3,.mp3,221.681,3.695,punjabi\TU SHAYAR BANAAGI (Official Video) ｜ Parry Sidhu x MixSingh.mp3
punjabi,Udaarian (Badi lambi hai kahani mere pyaar di) - Satinder Sartaaj ｜ Love Songs ｜ New Punjabi Songs,Udaarian (Badi lambi hai kahani mere pyaar di) - Satinder Sartaaj ｜ Love Songs ｜ New Punjabi Songs.mp3,.mp3,350.203,5.837,punjabi\Udaarian (Badi lambi hai kahani mere pyaar di) - Satinder Sartaaj ｜ Love Songs ｜ New Punjabi Songs.mp3
punjabi,Ve Maahi ｜ Kesari ｜ Akshay Kumar & Parineeti Chopra ｜ Arijit Singh & Asees Kaur ｜ Tanishk Bagchi,Ve Maahi ｜ Kesari ｜ Akshay Kumar & Parineeti Chopra ｜ Arijit Singh & Asees Kaur ｜ Tanishk Bagchi.mp3,.mp3,234.8,3.913,punjabi\Ve Maahi ｜ Kesari ｜ Akshay Kumar & Parineeti Chopra ｜ Arijit Singh & Asees Kaur ｜ Tanishk Bagchi.mp3
punjabi,Waalian ： Harnoor (Full Song) Gifty ｜ The Kidd ｜ Rubbal GTR ｜ Punjabi Song ｜ JattLife Studios,Waalian ： Harnoor (Full Song) Gifty ｜ The Kidd ｜ Rubbal GTR ｜ Punjabi Song ｜ JattLife Studios.mp3,.mp3,222.273,3.705,punjabi\Waalian ： Harnoor (Full Song) Gifty ｜ The Kidd ｜ Rubbal GTR ｜ Punjabi Song ｜ JattLife Studios.mp3
punjabi,Wakhra Swag ｜ Official Video ｜ Badshah ｜ Navv Inder ｜ Best Punjabi Dance Song ｜ Punjabi Song 2026,Wakhra Swag ｜ Official Video ｜ Badshah ｜ Navv Inder ｜ Best Punjabi Dance Song ｜ Punjabi Song 2026.mp3,.mp3,219.765,3.663,punjabi\Wakhra Swag ｜ Official Video ｜ Badshah ｜ Navv Inder ｜ Best Punjabi Dance Song ｜ Punjabi Song 2026.mp3
punjabi,Yaar Beli ： Guri (Official Video) Deep Jandu ｜ Parmish Verma ｜ Punjabi Song ｜ GK Digital ｜ Geet MP3,Yaar Beli ： Guri (Official Video) Deep Jandu ｜ Parmish Verma ｜ Punjabi Song ｜ GK Digital ｜ Geet MP3.mp3,.mp3,226.847,3.781,punjabi\Yaar Beli ： Guri (Official Video) Deep Jandu ｜ Parmish Verma ｜ Punjabi Song ｜ GK Digital ｜ Geet MP3.mp3
punjabi,Yaari (Official Video) ： Nikk Ft. Avneet Kaur,Yaari (Official Video) ： Nikk Ft. Avneet Kaur.mp3,.mp3,233.604,3.893,punjabi\Yaari (Official Video) ： Nikk Ft. Avneet Kaur.mp3
punjabi,Yaari Tod Deni (Official Video) ： Surjit Bhullar Ft. Sudesh Kumari ｜ Punjabi Songs 2020,Yaari Tod Deni (Official Video) ： Surjit Bhullar Ft. Sudesh Kumari ｜ Punjabi Songs 2020.mp3,.mp3,187.083,3.118,punjabi\Yaari Tod Deni (Official Video) ： Surjit Bhullar Ft. Sudesh Kumari ｜ Punjabi Songs 2020.mp3
punjabi,＂3 Peg Sharry Mann＂ (Full Video) ｜ Mista Baaz ｜ Parmish Verma ｜ Ravi Raj ｜ Latest Punjabi Songs 2016,＂3 Peg Sharry Mann＂ (Full Video) ｜ Mista Baaz ｜ Parmish Verma ｜ Ravi Raj ｜ Latest Punjabi Songs 2016.mp3,.mp3,279.28,4.655,punjabi\＂3 Peg Sharry Mann＂ (Full Video) ｜ Mista Baaz ｜ Parmish Verma ｜ Ravi Raj ｜ Latest Punjabi Songs 2016.mp3
punjabi,"𝐊𝐚𝐥𝐚 𝐂𝐡𝐚𝐬𝐡𝐦𝐚 🕶️ ｜ Baar Baar Dekho ｜ Sidharth M & Katrina Kaif ｜ Badshah, Neha Kakkar, Prem & Hardeep","𝐊𝐚𝐥𝐚 𝐂𝐡𝐚𝐬𝐡𝐦𝐚 🕶️ ｜ Baar Baar Dekho ｜ Sidharth M & Katrina Kaif ｜ Badshah, Neha Kakkar, Prem & Hardeep.mp3",.mp3,173.441,2.891,"punjabi\𝐊𝐚𝐥𝐚 𝐂𝐡𝐚𝐬𝐡𝐦𝐚 🕶️ ｜ Baar Baar Dekho ｜ Sidharth M & Katrina Kaif ｜ Badshah, Neha Kakkar, Prem & Hardeep.mp3"
